{"name":"Arwi - Open paras ystävä","short_name":"Arwi","description":"Työkalu oppilaiden arvioimisen helpottamiseen ja opettajien työn keventämiseen.","theme_color":"#F3F4F6","background_color":"#F3F4F6","display":"standalone","orientation":"portrait","scope":"/","start_url":"/","icons":[{"src":"icons/icon-72x72.png","sizes":"72x72","type":"image/png"},{"src":"icons/icon-96x96.png","sizes":"96x96","type":"image/png"},{"src":"icons/icon-120x120.png","sizes":"120x120","type":"image/png"},{"src":"icons/icon-128x128.png","sizes":"128x128","type":"image/png"},{"src":"icons/icon-144x144.png","sizes":"144x144","type":"image/png"},{"src":"icons/icon-152x152.png","sizes":"152x152","type":"image/png"},{"src":"icons/icon-180x180.png","sizes":"180x180","type":"image/png"},{"src":"icons/icon-192x192.png","sizes":"192x192","type":"image/png"},{"src":"icons/icon-384x384.png","sizes":"384x384","type":"image/png"},{"src":"icons/icon-512x512.png","sizes":"512x512","type":"image/png"}]}