--
-- PostgreSQL database dump
--

-- Dumped from database version 13.2 (Debian 13.2-1.pgdg100+1)
-- Dumped by pg_dump version 13.2 (Ubuntu 13.2-1.pgdg20.04+1)

-- Started on 2023-03-30 13:16:38 UTC

SET statement_timeout = 0;
SET lock_timeout = 0;
SET idle_in_transaction_session_timeout = 0;
SET client_encoding = 'UTF8';
SET standard_conforming_strings = on;
SELECT pg_catalog.set_config('search_path', '', false);
SET check_function_bodies = false;
SET xmloption = content;
SET client_min_messages = warning;
SET row_security = off;

ALTER TABLE IF EXISTS ONLY public."Student" DROP CONSTRAINT IF EXISTS "Student_groupId_fkey";
ALTER TABLE IF EXISTS ONLY public."Group" DROP CONSTRAINT IF EXISTS "Group_teacherId_fkey";
ALTER TABLE IF EXISTS ONLY public."Evaluation" DROP CONSTRAINT IF EXISTS "Evaluation_studentId_fkey";
ALTER TABLE IF EXISTS ONLY public."Evaluation" DROP CONSTRAINT IF EXISTS "Evaluation_evaluationCollectionId_fkey";
ALTER TABLE IF EXISTS ONLY public."EvaluationCollection" DROP CONSTRAINT IF EXISTS "EvaluationCollection_groupId_fkey";
DROP INDEX IF EXISTS public."Teacher_email_key";
ALTER TABLE IF EXISTS ONLY public._prisma_migrations DROP CONSTRAINT IF EXISTS _prisma_migrations_pkey;
ALTER TABLE IF EXISTS ONLY public."Teacher" DROP CONSTRAINT IF EXISTS "Teacher_pkey";
ALTER TABLE IF EXISTS ONLY public."Student" DROP CONSTRAINT IF EXISTS "Student_pkey";
ALTER TABLE IF EXISTS ONLY public."Group" DROP CONSTRAINT IF EXISTS "Group_pkey";
ALTER TABLE IF EXISTS ONLY public."Evaluation" DROP CONSTRAINT IF EXISTS "Evaluation_pkey";
ALTER TABLE IF EXISTS ONLY public."EvaluationCollection" DROP CONSTRAINT IF EXISTS "EvaluationCollection_pkey";
DROP TABLE IF EXISTS public._prisma_migrations;
DROP TABLE IF EXISTS public."Teacher";
DROP TABLE IF EXISTS public."Student";
DROP TABLE IF EXISTS public."Group";
DROP TABLE IF EXISTS public."EvaluationCollection";
DROP TABLE IF EXISTS public."Evaluation";
DROP TYPE IF EXISTS public."Rating";
--
-- TOC entry 649 (class 1247 OID 25416)
-- Name: Rating; Type: TYPE; Schema: public; Owner: -
--

CREATE TYPE public."Rating" AS ENUM (
    'POOR',
    'FAIR',
    'GOOD',
    'EXCELLENT',
    'GREAT'
);


SET default_tablespace = '';

SET default_table_access_method = heap;

--
-- TOC entry 204 (class 1259 OID 25352)
-- Name: Evaluation; Type: TABLE; Schema: public; Owner: -
--

CREATE TABLE public."Evaluation" (
    id text NOT NULL,
    "studentId" text NOT NULL,
    notes text,
    "evaluationCollectionId" text NOT NULL,
    "wasPresent" boolean DEFAULT true NOT NULL,
    "skillsRating" public."Rating",
    "behaviourRating" public."Rating"
);


--
-- TOC entry 203 (class 1259 OID 25343)
-- Name: EvaluationCollection; Type: TABLE; Schema: public; Owner: -
--

CREATE TABLE public."EvaluationCollection" (
    id text NOT NULL,
    date timestamp(3) without time zone DEFAULT CURRENT_TIMESTAMP NOT NULL,
    type text NOT NULL,
    description text,
    "groupId" text NOT NULL
);


--
-- TOC entry 202 (class 1259 OID 25335)
-- Name: Group; Type: TABLE; Schema: public; Owner: -
--

CREATE TABLE public."Group" (
    id text NOT NULL,
    name text NOT NULL,
    "teacherId" text NOT NULL
);


--
-- TOC entry 205 (class 1259 OID 25360)
-- Name: Student; Type: TABLE; Schema: public; Owner: -
--

CREATE TABLE public."Student" (
    id text NOT NULL,
    name text NOT NULL,
    "groupId" text NOT NULL
);


--
-- TOC entry 201 (class 1259 OID 25327)
-- Name: Teacher; Type: TABLE; Schema: public; Owner: -
--

CREATE TABLE public."Teacher" (
    id text NOT NULL,
    email text NOT NULL,
    "passwordHash" text NOT NULL
);


--
-- TOC entry 200 (class 1259 OID 25317)
-- Name: _prisma_migrations; Type: TABLE; Schema: public; Owner: -
--

CREATE TABLE public._prisma_migrations (
    id character varying(36) NOT NULL,
    checksum character varying(64) NOT NULL,
    finished_at timestamp with time zone,
    migration_name character varying(255) NOT NULL,
    logs text,
    rolled_back_at timestamp with time zone,
    started_at timestamp with time zone DEFAULT now() NOT NULL,
    applied_steps_count integer DEFAULT 0 NOT NULL
);


--
-- TOC entry 2986 (class 0 OID 25352)
-- Dependencies: 204
-- Data for Name: Evaluation; Type: TABLE DATA; Schema: public; Owner: -
--

COPY public."Evaluation" (id, "studentId", notes, "evaluationCollectionId", "wasPresent", "skillsRating", "behaviourRating") FROM stdin;
0ef53625-a314-41f6-a691-1f539195a3dd	5bbc08f9-01e0-4911-9a6a-38790219ce2a	\N	cc062cb4-8bad-4b3c-89fe-f5196d97b7a3	f	\N	\N
6dfeefc2-da1a-4e4d-9a5b-41c91d64f47e	c942743a-d10b-4460-bc99-44ea941f6f8f	\N	cc062cb4-8bad-4b3c-89fe-f5196d97b7a3	t	GREAT	GREAT
c4d09c63-5cba-4507-841d-f0e5b1d21c9c	e71cd959-78a0-4843-af83-1e8e741e7edf	\N	cc062cb4-8bad-4b3c-89fe-f5196d97b7a3	t	GREAT	GOOD
5d875f8d-ed40-4fa5-8138-868ce1123c5d	f03779c1-9d87-439c-8d95-14e384c7d2c0	\N	cc062cb4-8bad-4b3c-89fe-f5196d97b7a3	t	GREAT	GREAT
bb6c82b7-8c12-4e86-8e5c-e6847a75dec6	05c4f013-bc9a-4155-925b-6f8485bb5378	\N	cc062cb4-8bad-4b3c-89fe-f5196d97b7a3	t	GOOD	GOOD
75486885-f53c-4b3b-91b2-32fd69d52a2e	9b14ff5e-b7da-446f-bf7b-601d7a7a5a86	\N	cc062cb4-8bad-4b3c-89fe-f5196d97b7a3	t	GOOD	EXCELLENT
0bec5a10-f69e-4bc7-98c5-1d459547f144	e1efe28e-64c5-402b-a692-0f795a6293c8	\N	cc062cb4-8bad-4b3c-89fe-f5196d97b7a3	t	GOOD	GOOD
5aa1f256-ead1-427e-9589-f6ddf3726ce8	148a28ac-012b-44c4-b684-87a00ace9c72	\N	cc062cb4-8bad-4b3c-89fe-f5196d97b7a3	t	GREAT	EXCELLENT
08a7fffe-d7a2-47c3-b72e-c98e5fb3fbbd	cbffcbc6-7d16-4e3b-845d-0f0397dcca9e	\N	cc062cb4-8bad-4b3c-89fe-f5196d97b7a3	t	GREAT	GREAT
50eadc10-dc90-4723-b0d7-d426d0768307	f4fc8254-27a5-4a0d-aca1-03b85e4020ab	\N	cc062cb4-8bad-4b3c-89fe-f5196d97b7a3	t	GOOD	GOOD
dfcb3c04-b3d4-4d4c-9420-aacbe85daeb1	af2c74f6-f7ed-4bf3-94cd-63b0d228dd6f	\N	cc062cb4-8bad-4b3c-89fe-f5196d97b7a3	t	GOOD	GREAT
d3e17332-f892-4c43-84dd-191f725cab6e	a639981f-4bf0-4871-b264-00ad02a9a286	\N	cc062cb4-8bad-4b3c-89fe-f5196d97b7a3	t	GOOD	GOOD
358c1382-e84d-4004-9f7e-7019500ce3b3	c67dd576-d4c0-4d3d-82ec-9e20e69c629e	\N	cc062cb4-8bad-4b3c-89fe-f5196d97b7a3	t	GOOD	GOOD
6db90de4-3daf-41a4-9327-d43b49a4cced	36920386-dc0f-4b52-aacc-ca4b36d3ac9b	\N	cc062cb4-8bad-4b3c-89fe-f5196d97b7a3	t	GREAT	EXCELLENT
1b66095b-20e2-4789-a029-376127929ab4	bde08c48-5140-47eb-b28b-ce5c86ea8f46	\N	cc062cb4-8bad-4b3c-89fe-f5196d97b7a3	t	GOOD	GOOD
2c5cf9d7-bdd2-42de-aad0-47ca98bae8a7	932b4426-7f6d-46ff-a9c4-a9fc697ddc23	\N	cc062cb4-8bad-4b3c-89fe-f5196d97b7a3	t	GREAT	GREAT
d40eab0d-5c11-4e36-8e9c-7c4156699f99	bf6a64c8-9929-4dff-84b1-ddc2610a39ea	\N	504f1ffa-7cdc-4780-b2de-02c3baeba09a	t	\N	\N
2e74e8aa-073d-4248-a8fa-b4d6d543ed1e	afb3877f-5868-478e-8359-b83d10f1b806	\N	504f1ffa-7cdc-4780-b2de-02c3baeba09a	t	\N	\N
08ab2488-3772-4427-95fe-7a529432df65	5264810a-e588-42d0-bf5f-7391a9cf5c9e	\N	504f1ffa-7cdc-4780-b2de-02c3baeba09a	t	\N	\N
178f910b-7546-4153-9bb7-096b220313eb	c942743a-d10b-4460-bc99-44ea941f6f8f	Hienoa työskentelyä pariakrobatiassa	efe31604-e6fc-418e-ba94-4cc9b5955ef8	t	\N	\N
67508c44-38e0-490e-8d29-5fc0995b542a	f03779c1-9d87-439c-8d95-14e384c7d2c0	\N	efe31604-e6fc-418e-ba94-4cc9b5955ef8	t	\N	GOOD
7ddc395b-4525-49b2-b24c-fba07b241a46	e71cd959-78a0-4843-af83-1e8e741e7edf	\N	efe31604-e6fc-418e-ba94-4cc9b5955ef8	t	\N	EXCELLENT
5a9d1c39-2148-40ac-8ab8-ee1d950a2a42	05c4f013-bc9a-4155-925b-6f8485bb5378	\N	efe31604-e6fc-418e-ba94-4cc9b5955ef8	t	\N	GREAT
0f987059-3361-410c-a4d7-3662e6bdea4e	9b14ff5e-b7da-446f-bf7b-601d7a7a5a86	\N	efe31604-e6fc-418e-ba94-4cc9b5955ef8	t	\N	GREAT
90e61cab-6e87-4562-b6e8-e4baaa8736c9	5bbc08f9-01e0-4911-9a6a-38790219ce2a	\N	efe31604-e6fc-418e-ba94-4cc9b5955ef8	t	\N	GOOD
e861b589-6b77-4d67-a2e5-3282d6d78ae6	e1efe28e-64c5-402b-a692-0f795a6293c8	\N	efe31604-e6fc-418e-ba94-4cc9b5955ef8	t	\N	GOOD
6d3f38c3-78c6-4a87-a521-8f14226b8721	148a28ac-012b-44c4-b684-87a00ace9c72	Työskentelit hienosti parisi kanssa!!	efe31604-e6fc-418e-ba94-4cc9b5955ef8	t	\N	\N
d9b877cd-cd49-4ec7-b482-fb3b4dcf8d6d	84c79ed7-b6e3-488d-93e7-0462a6e51139	\N	61dae344-c6b1-465d-890c-d542dcd25a4b	t	GREAT	EXCELLENT
a87fbc47-31fa-492b-adbd-9353beb64c66	2c42a7d7-10ee-46d8-b057-103c9d3773d9	\N	61dae344-c6b1-465d-890c-d542dcd25a4b	t	GOOD	GREAT
9a1f0588-d101-465e-ab4d-cab6e93212db	d19cd645-fa1d-4e74-a7c8-ec4b4b612983	\N	f4a7e9cf-9517-4298-8105-bd53e48e58cf	t	EXCELLENT	GREAT
af1483da-d7a1-45b8-8c8d-3e8af1c4fe08	350594d5-5cd4-4033-9294-6b50102afe7d	Paljon juttelua	4029717a-ba95-4c26-abfe-453df2616d81	t	GOOD	GOOD
9acdf63c-981e-48d6-b61c-66d6613a39d8	7ad2e103-b7a1-4b0c-bbd2-5c1cba3d4a9b	\N	4029717a-ba95-4c26-abfe-453df2616d81	t	GREAT	GREAT
a3ed28b3-d106-41e8-8d3f-4f376c518bba	91a00bae-00db-464f-8376-591e16a5a811	\N	0eaa72d6-b26f-4e88-83f6-ea5067da86fa	t	GREAT	GOOD
9a94f0d1-b049-4040-820d-edfe13a26347	789e18c3-638d-4651-be65-ec0a1661539f	\N	59112129-45d6-4235-b579-92e2522a25a1	f	\N	\N
4266c48c-114d-4a2a-a03d-4d97e55b6b25	bf6a64c8-9929-4dff-84b1-ddc2610a39ea	\N	89a67a3b-d2fa-495a-8aa3-6939c9aebd12	t	\N	\N
55d9da6b-5c4a-4c6b-a95a-9d569f05f7f2	afb3877f-5868-478e-8359-b83d10f1b806	\N	89a67a3b-d2fa-495a-8aa3-6939c9aebd12	t	\N	\N
6252b469-d08f-4940-816a-a6b7a1929088	5264810a-e588-42d0-bf5f-7391a9cf5c9e	\N	89a67a3b-d2fa-495a-8aa3-6939c9aebd12	t	\N	\N
45ed1fdd-c423-4d44-b8de-3a989ebbed77	bf6a64c8-9929-4dff-84b1-ddc2610a39ea	\N	c9100f5b-f506-4311-84dc-e8042a271154	t	\N	\N
aa39cda6-1f5c-4120-b862-9f1ff64e549e	afb3877f-5868-478e-8359-b83d10f1b806	\N	c9100f5b-f506-4311-84dc-e8042a271154	t	\N	\N
6b2bb7c2-e4f2-4217-b0fc-73d513108738	5264810a-e588-42d0-bf5f-7391a9cf5c9e	\N	c9100f5b-f506-4311-84dc-e8042a271154	t	\N	\N
b5c529c3-0376-4991-9348-e75536e3955c	bf6a64c8-9929-4dff-84b1-ddc2610a39ea	\N	4676f69e-9730-4499-994d-6f7815902966	t	\N	\N
80ddcf70-07d0-4c4f-9eb9-40cd03a81b77	afb3877f-5868-478e-8359-b83d10f1b806	\N	4676f69e-9730-4499-994d-6f7815902966	t	\N	\N
1dd7383d-313f-4668-9a90-7eb6c0c8c787	5264810a-e588-42d0-bf5f-7391a9cf5c9e	\N	4676f69e-9730-4499-994d-6f7815902966	t	\N	\N
f2be6300-4bcd-4080-bea5-0c04a7d5191d	bf6a64c8-9929-4dff-84b1-ddc2610a39ea	\N	9bf4154e-23ff-4e54-a679-592f4bf749e0	t	\N	\N
b133932f-2354-4c3b-b8d4-029ba97c4fa2	afb3877f-5868-478e-8359-b83d10f1b806	\N	9bf4154e-23ff-4e54-a679-592f4bf749e0	t	\N	\N
9e0fa650-2c8b-4a5b-b15e-f6e522c198e6	4fa0db05-161f-4165-b00c-52528866490c	\N	59112129-45d6-4235-b579-92e2522a25a1	f	\N	\N
b5be5137-9861-4d88-bd1d-24518d4de728	a722bd23-2313-44d9-a0c6-82a5270900a8	\N	59112129-45d6-4235-b579-92e2522a25a1	t	GOOD	GOOD
5a3c72c6-cb32-49a5-868e-99305795b83f	d77c55c5-670a-4bc5-bf46-5ff9662077f6	\N	59112129-45d6-4235-b579-92e2522a25a1	t	GREAT	FAIR
2c63af7c-6678-42ad-a60d-84b8b2783a35	dc2a0312-bdaf-45d4-b3a4-9c3216012e4b	\N	59112129-45d6-4235-b579-92e2522a25a1	t	EXCELLENT	FAIR
3579d4cb-fe85-4fe7-b5f5-132b35cba2ec	5264810a-e588-42d0-bf5f-7391a9cf5c9e	\N	9bf4154e-23ff-4e54-a679-592f4bf749e0	t	\N	\N
11f02495-64c4-409a-b550-20d461fd5a83	bf6a64c8-9929-4dff-84b1-ddc2610a39ea	\N	522d5ad6-d2d4-42b5-be54-e9b29c439e51	t	\N	\N
75367838-9b75-4255-bffe-26e27173aed8	afb3877f-5868-478e-8359-b83d10f1b806	\N	522d5ad6-d2d4-42b5-be54-e9b29c439e51	t	\N	\N
ff697b2c-02e0-4dae-8704-231275e99350	5264810a-e588-42d0-bf5f-7391a9cf5c9e	\N	522d5ad6-d2d4-42b5-be54-e9b29c439e51	t	\N	\N
3828445e-2af0-4a34-9318-e3239a75107f	bf6a64c8-9929-4dff-84b1-ddc2610a39ea	\N	d55559ea-208d-4ab7-869d-7ed80be17f3c	t	\N	\N
ae5cd2d7-7bf9-44ba-abdd-622bbec5e1df	afb3877f-5868-478e-8359-b83d10f1b806	\N	d55559ea-208d-4ab7-869d-7ed80be17f3c	t	\N	\N
b5fa1414-47e1-4870-b3a2-e9f2bba04397	5264810a-e588-42d0-bf5f-7391a9cf5c9e	\N	d55559ea-208d-4ab7-869d-7ed80be17f3c	t	\N	\N
0fff3852-2b56-47cf-90cb-b958946fc5fa	ffcd87aa-e63f-4a34-a82b-ec98c80ff979	Leevi oli vähän tuhmana...	43d83271-76a1-453b-b117-72d4a3741fa6	t	GREAT	FAIR
90ee5ccd-ed6d-4f6d-b57b-a1b406fb72c7	b9f75da6-4587-44ca-b3f3-a5bdbaa9fd90	Pelkkää posia!!	43d83271-76a1-453b-b117-72d4a3741fa6	t	EXCELLENT	EXCELLENT
9d447fe0-5859-41b6-849c-fda3dc71961b	16c2d264-2e7c-452d-980a-114909d369f3	Eetu ihan ok, vähän lähti Leevin temppuihin mukaan	43d83271-76a1-453b-b117-72d4a3741fa6	t	GREAT	GOOD
62c8d1d5-75a0-433d-8716-c1c4cffcb576	ffcd87aa-e63f-4a34-a82b-ec98c80ff979	\N	024a5d62-d90f-4f73-b293-3286175ca586	t	\N	\N
4741188e-56cf-4578-a314-53076f1cdaff	b9f75da6-4587-44ca-b3f3-a5bdbaa9fd90	\N	024a5d62-d90f-4f73-b293-3286175ca586	t	\N	\N
816490aa-e214-442c-b7a5-e89ff100e920	16c2d264-2e7c-452d-980a-114909d369f3	\N	024a5d62-d90f-4f73-b293-3286175ca586	t	\N	\N
27fc95bf-aeb3-462e-80a2-23d8a39a6fce	789e18c3-638d-4651-be65-ec0a1661539f	\N	5cc80167-2cf8-44f3-bd07-aaf7e4d32170	t	\N	\N
744e9d83-2b21-4597-a7a0-6506a4cbb1b3	3e6e5df9-5dfa-4ca7-9a45-d715cff22c70	\N	5cc80167-2cf8-44f3-bd07-aaf7e4d32170	t	\N	\N
82ac0ebc-3b79-4e29-9cb9-018da35d5333	a722bd23-2313-44d9-a0c6-82a5270900a8	\N	5cc80167-2cf8-44f3-bd07-aaf7e4d32170	t	\N	\N
2729ef19-5a71-4800-b50e-3c59ee150765	4fa0db05-161f-4165-b00c-52528866490c	\N	5cc80167-2cf8-44f3-bd07-aaf7e4d32170	t	\N	\N
28a14541-4558-475c-a386-d6689c435ecc	d77c55c5-670a-4bc5-bf46-5ff9662077f6	\N	5cc80167-2cf8-44f3-bd07-aaf7e4d32170	t	\N	\N
e7df30af-2cd2-4049-913d-5eba5627b8f9	dc2a0312-bdaf-45d4-b3a4-9c3216012e4b	\N	5cc80167-2cf8-44f3-bd07-aaf7e4d32170	t	\N	\N
e603758d-8b3c-46dd-95e3-56138cd93296	17a303e2-58b9-434a-b0e3-a3227ba197dc	\N	5cc80167-2cf8-44f3-bd07-aaf7e4d32170	t	\N	\N
bec026d0-60e7-4187-9b56-1d26305d399c	f8d6ffe2-7f9a-4126-9e27-9d374e3ab509	\N	5cc80167-2cf8-44f3-bd07-aaf7e4d32170	t	\N	\N
6ba15556-1755-483c-9918-8a0d9d9d4a65	8cc39180-992f-41be-88d7-d798fc88abe0	\N	5cc80167-2cf8-44f3-bd07-aaf7e4d32170	t	\N	\N
750b42ab-cfc0-4f21-91e1-db32bb57d75f	45d76ed8-35ff-473d-b70c-92c0762d7a89	\N	5cc80167-2cf8-44f3-bd07-aaf7e4d32170	t	\N	\N
96c965c8-9c8d-4b12-a54c-883239d60c35	5a07f60b-4776-4160-947b-fe207b5d64e5	\N	5cc80167-2cf8-44f3-bd07-aaf7e4d32170	t	\N	\N
8a0687f8-1553-4a21-b562-c3a7240ed46d	55d97917-9df6-48ee-9afe-cbbfa0fe1796	\N	5cc80167-2cf8-44f3-bd07-aaf7e4d32170	t	\N	\N
b88f2431-2f9e-464b-892a-145f99a1a8c7	cac00e26-1bd0-47c3-b2a8-4eb754562d6d	\N	5cc80167-2cf8-44f3-bd07-aaf7e4d32170	t	\N	\N
b39e281e-54bd-4a1d-8f43-8f6e6e9cad83	08d712ee-e2bc-4ca6-9660-fa986c4c4158	\N	5cc80167-2cf8-44f3-bd07-aaf7e4d32170	t	\N	\N
1eafda05-7415-43c1-838f-ebd9c816814f	ac28c6c7-0004-4f66-9e60-a175d8f2cdb7	\N	5cc80167-2cf8-44f3-bd07-aaf7e4d32170	t	\N	\N
89618c3e-d929-4049-8630-bfb19c2ea0c0	5e8a31cb-3ca8-4d0d-9489-dc20d318827b	\N	5cc80167-2cf8-44f3-bd07-aaf7e4d32170	t	\N	\N
d82c2e39-8a03-47a2-acb5-3ccacf00a35e	d4a4ffc6-fd8b-45ae-82a2-f49d61729300	\N	5cc80167-2cf8-44f3-bd07-aaf7e4d32170	t	\N	\N
595d913d-462e-4b95-a671-e7abccf13ae2	72a6f1b1-63cd-48fd-9aed-7fd8bd8c8ddf	\N	5cc80167-2cf8-44f3-bd07-aaf7e4d32170	t	\N	\N
022fedf5-a488-43b2-923f-1694634e35ad	7131d54d-4686-4ca4-8a4f-cf090eaa7d5e	\N	5cc80167-2cf8-44f3-bd07-aaf7e4d32170	t	\N	\N
eeb72f34-3c12-4f8a-8766-e0ea99820e53	bf6a64c8-9929-4dff-84b1-ddc2610a39ea	\N	0f029a9c-09e5-4dcb-8cf6-3ed27dc40dcf	t	\N	\N
7054f7b1-008e-47ed-bd3b-8df772ab064b	afb3877f-5868-478e-8359-b83d10f1b806	\N	0f029a9c-09e5-4dcb-8cf6-3ed27dc40dcf	t	\N	\N
221fa84f-3ec7-471c-9a54-40b549220f2d	5264810a-e588-42d0-bf5f-7391a9cf5c9e	\N	0f029a9c-09e5-4dcb-8cf6-3ed27dc40dcf	t	\N	\N
20178acc-125e-461b-adeb-e8e2c7283a60	8f2c8d2d-5ffd-42ae-abd0-cce3cddc1dff	\N	5cc80167-2cf8-44f3-bd07-aaf7e4d32170	t	\N	\N
4f4118df-2a1e-4602-8686-a68d16eabc9b	9a8e559f-1792-4dbf-b515-2bff3261aaf6	\N	5cc80167-2cf8-44f3-bd07-aaf7e4d32170	t	\N	\N
46e3fd73-f439-4dec-8d3d-94e6f0244676	c2ae2a6b-93f6-4dc5-bcb9-1f90a26c11d8	\N	0b6aeb65-5d32-46cb-9c00-bb7579506258	f	\N	\N
bb6dbb55-08e1-49fd-a3e2-a5a105e8d8ec	af2c74f6-f7ed-4bf3-94cd-63b0d228dd6f	\N	efe31604-e6fc-418e-ba94-4cc9b5955ef8	t	\N	GREAT
3f067b52-ad95-4cd4-8f61-c2be39172095	7af2670e-d622-44de-9458-0e3490224f19	\N	f4a7e9cf-9517-4298-8105-bd53e48e58cf	t	GREAT	EXCELLENT
983b7a37-1cdc-40d4-acf9-61ce2c89efb3	bf6a64c8-9929-4dff-84b1-ddc2610a39ea	Nätti kärki veivi	6e32048b-a4bc-4675-8993-eb8cfd7d61aa	t	EXCELLENT	GOOD
7062a726-74e5-424a-ab0f-79c4e457b839	5264810a-e588-42d0-bf5f-7391a9cf5c9e	\N	6e32048b-a4bc-4675-8993-eb8cfd7d61aa	t	\N	\N
971f1898-a907-4489-986b-21c1ca7297af	afb3877f-5868-478e-8359-b83d10f1b806	\N	6e32048b-a4bc-4675-8993-eb8cfd7d61aa	t	GOOD	GOOD
48061ddd-3324-435f-94ed-12fccd8a030e	bf6a64c8-9929-4dff-84b1-ddc2610a39ea	\N	5e8837df-1f5c-40ba-b00f-e1b80e63091a	t	\N	\N
55ea7a50-b7ae-4307-b5e7-3fedf38a984a	afb3877f-5868-478e-8359-b83d10f1b806	\N	5e8837df-1f5c-40ba-b00f-e1b80e63091a	t	\N	\N
dac75d33-3739-4bab-8311-870f0475f746	5264810a-e588-42d0-bf5f-7391a9cf5c9e	\N	5e8837df-1f5c-40ba-b00f-e1b80e63091a	t	\N	\N
ac942eb4-5b25-4733-a629-0e5b54aa4a4f	a722bd23-2313-44d9-a0c6-82a5270900a8	\N	254e3bdc-434e-4983-ab70-df97173bf495	f	\N	\N
db8e4755-de45-4cc7-b81c-d7e78f32f6d6	789e18c3-638d-4651-be65-ec0a1661539f	\N	254e3bdc-434e-4983-ab70-df97173bf495	t	GREAT	GOOD
7a1f1ba5-4b68-4a47-a57f-d36f22f61d39	d77c55c5-670a-4bc5-bf46-5ff9662077f6	\N	254e3bdc-434e-4983-ab70-df97173bf495	t	FAIR	FAIR
d24afb15-ca11-4e0b-a3a9-61466abc4c74	dc2a0312-bdaf-45d4-b3a4-9c3216012e4b	\N	254e3bdc-434e-4983-ab70-df97173bf495	t	FAIR	POOR
1ec21b91-7557-467e-92f0-658dfbbc420d	4fa0db05-161f-4165-b00c-52528866490c	\N	254e3bdc-434e-4983-ab70-df97173bf495	t	GOOD	GREAT
f42d46cf-b825-4c74-ae57-52f4a7ecda0e	3e6e5df9-5dfa-4ca7-9a45-d715cff22c70	\N	254e3bdc-434e-4983-ab70-df97173bf495	t	GREAT	GREAT
b685c9ec-4922-4574-ad2f-285f3358b1c3	5a07f60b-4776-4160-947b-fe207b5d64e5	\N	254e3bdc-434e-4983-ab70-df97173bf495	f	\N	\N
378ced39-1436-48a7-8bbc-b9b0493150e2	ac28c6c7-0004-4f66-9e60-a175d8f2cdb7	\N	254e3bdc-434e-4983-ab70-df97173bf495	f	\N	\N
89ad5eae-35c0-4d53-88fd-c974664e2851	9a8e559f-1792-4dbf-b515-2bff3261aaf6	\N	254e3bdc-434e-4983-ab70-df97173bf495	f	\N	\N
038d831d-0ec6-4e78-99a1-7a77c7b0b800	17a303e2-58b9-434a-b0e3-a3227ba197dc	\N	254e3bdc-434e-4983-ab70-df97173bf495	t	EXCELLENT	EXCELLENT
a055f8af-e92e-4630-8d07-f8340bd3a059	f8d6ffe2-7f9a-4126-9e27-9d374e3ab509	\N	254e3bdc-434e-4983-ab70-df97173bf495	t	GREAT	FAIR
a123e5f5-16fd-4502-b218-f84e7e45c21b	8cc39180-992f-41be-88d7-d798fc88abe0	\N	254e3bdc-434e-4983-ab70-df97173bf495	t	GOOD	GOOD
8575794e-a0a5-499c-b8c0-bf2790c81a7f	45d76ed8-35ff-473d-b70c-92c0762d7a89	Työskentelit hienosti tänää! Hyvä!	254e3bdc-434e-4983-ab70-df97173bf495	t	FAIR	EXCELLENT
98dd01b8-0d76-45c6-b4fc-4eda7a2098c0	55d97917-9df6-48ee-9afe-cbbfa0fe1796	\N	254e3bdc-434e-4983-ab70-df97173bf495	t	GREAT	GOOD
786bd915-1667-45f9-b18e-015a60e5ca69	cac00e26-1bd0-47c3-b2a8-4eb754562d6d	\N	254e3bdc-434e-4983-ab70-df97173bf495	t	EXCELLENT	FAIR
0a5d2453-2583-483c-a7c1-547ac29d2af8	08d712ee-e2bc-4ca6-9660-fa986c4c4158	\N	254e3bdc-434e-4983-ab70-df97173bf495	t	GREAT	GREAT
ac234bc2-9708-442e-9cf4-5866ca615238	5e8a31cb-3ca8-4d0d-9489-dc20d318827b	\N	254e3bdc-434e-4983-ab70-df97173bf495	t	GOOD	GREAT
1fe70175-25ad-41c1-ad34-acd4a0c17ba4	d4a4ffc6-fd8b-45ae-82a2-f49d61729300	\N	254e3bdc-434e-4983-ab70-df97173bf495	t	GOOD	GOOD
ca50b8aa-eb5f-40f6-bae0-0f101d63ec17	72a6f1b1-63cd-48fd-9aed-7fd8bd8c8ddf	\N	254e3bdc-434e-4983-ab70-df97173bf495	t	FAIR	GREAT
729f9180-43fa-44f4-812d-2493808225f8	7131d54d-4686-4ca4-8a4f-cf090eaa7d5e	\N	254e3bdc-434e-4983-ab70-df97173bf495	t	EXCELLENT	EXCELLENT
2d9f88f0-dcc4-45c1-9242-25aed7e39429	8f2c8d2d-5ffd-42ae-abd0-cce3cddc1dff	\N	254e3bdc-434e-4983-ab70-df97173bf495	t	GREAT	FAIR
71e459c1-2974-4731-ad98-711ecd28c1de	789e18c3-638d-4651-be65-ec0a1661539f	\N	46f49e12-9ec2-4854-88c1-dfd934ffb1ed	t	\N	\N
9e8f6748-96a2-4c1b-a367-86f3dd88d0ff	3e6e5df9-5dfa-4ca7-9a45-d715cff22c70	\N	46f49e12-9ec2-4854-88c1-dfd934ffb1ed	t	\N	\N
906b84d5-ca15-4354-bb53-bad874d39baa	a722bd23-2313-44d9-a0c6-82a5270900a8	\N	46f49e12-9ec2-4854-88c1-dfd934ffb1ed	t	\N	\N
cc60dae7-4e31-4e8e-b449-1e9aa9d47dea	4fa0db05-161f-4165-b00c-52528866490c	\N	46f49e12-9ec2-4854-88c1-dfd934ffb1ed	t	\N	\N
d1b29b0c-1b28-408a-b9a4-fa27f7d61748	d77c55c5-670a-4bc5-bf46-5ff9662077f6	\N	46f49e12-9ec2-4854-88c1-dfd934ffb1ed	f	\N	\N
cf11666f-51d1-4f34-bfd5-63d85f4ca755	dc2a0312-bdaf-45d4-b3a4-9c3216012e4b	\N	46f49e12-9ec2-4854-88c1-dfd934ffb1ed	t	\N	\N
c3a41671-d2de-47bd-a6e3-9f95c4844e76	17a303e2-58b9-434a-b0e3-a3227ba197dc	\N	46f49e12-9ec2-4854-88c1-dfd934ffb1ed	f	\N	\N
c2a68c54-9b53-441a-9408-7482ea9838c0	f8d6ffe2-7f9a-4126-9e27-9d374e3ab509	\N	46f49e12-9ec2-4854-88c1-dfd934ffb1ed	t	\N	\N
4575e782-9eb1-4e29-a460-d14bf8499c75	8cc39180-992f-41be-88d7-d798fc88abe0	\N	46f49e12-9ec2-4854-88c1-dfd934ffb1ed	t	\N	\N
f287f1ab-d4aa-4aca-a03b-89585fa550ea	45d76ed8-35ff-473d-b70c-92c0762d7a89	\N	46f49e12-9ec2-4854-88c1-dfd934ffb1ed	t	\N	\N
4192ee96-41a1-4265-b709-2181b6324c1f	5a07f60b-4776-4160-947b-fe207b5d64e5	\N	46f49e12-9ec2-4854-88c1-dfd934ffb1ed	t	\N	\N
9ad1b805-5ebc-4af3-96ca-f43f90e87f38	55d97917-9df6-48ee-9afe-cbbfa0fe1796	\N	46f49e12-9ec2-4854-88c1-dfd934ffb1ed	t	\N	\N
671efe64-6998-4815-99bd-672dfe825a0c	cac00e26-1bd0-47c3-b2a8-4eb754562d6d	\N	46f49e12-9ec2-4854-88c1-dfd934ffb1ed	f	\N	\N
65636597-65b3-437d-9541-dde058f24da1	08d712ee-e2bc-4ca6-9660-fa986c4c4158	\N	46f49e12-9ec2-4854-88c1-dfd934ffb1ed	t	\N	\N
8467fbd6-21f4-421f-9345-9ce08e4ddf4c	ac28c6c7-0004-4f66-9e60-a175d8f2cdb7	\N	46f49e12-9ec2-4854-88c1-dfd934ffb1ed	t	\N	\N
e018e2b3-d703-4529-8022-a0bed3e60f85	5e8a31cb-3ca8-4d0d-9489-dc20d318827b	\N	46f49e12-9ec2-4854-88c1-dfd934ffb1ed	t	\N	\N
5f5b1f2a-7c86-4876-9912-7a5b60fc10a9	d4a4ffc6-fd8b-45ae-82a2-f49d61729300	\N	46f49e12-9ec2-4854-88c1-dfd934ffb1ed	t	\N	\N
09a73551-b7bb-4c10-a1d6-153ac7dcb001	72a6f1b1-63cd-48fd-9aed-7fd8bd8c8ddf	\N	46f49e12-9ec2-4854-88c1-dfd934ffb1ed	t	\N	\N
05db370a-4be7-4bbc-a854-8ec79b3ccb77	7131d54d-4686-4ca4-8a4f-cf090eaa7d5e	\N	46f49e12-9ec2-4854-88c1-dfd934ffb1ed	t	\N	\N
3bb2e08a-892f-4c4a-9eeb-234c3c8ea5ee	8f2c8d2d-5ffd-42ae-abd0-cce3cddc1dff	\N	46f49e12-9ec2-4854-88c1-dfd934ffb1ed	t	\N	\N
d23a8496-f6f5-44fb-adba-bca52b09e4b6	9a8e559f-1792-4dbf-b515-2bff3261aaf6	\N	46f49e12-9ec2-4854-88c1-dfd934ffb1ed	t	\N	\N
62427ded-c1e9-4ec3-8b87-a6d6694aa035	789e18c3-638d-4651-be65-ec0a1661539f	\N	09a9db2e-a25b-48b9-b37a-2b74e35d74bb	t	\N	\N
dcbcff8f-c060-48a5-8d31-27768ffd41da	3e6e5df9-5dfa-4ca7-9a45-d715cff22c70	\N	09a9db2e-a25b-48b9-b37a-2b74e35d74bb	t	\N	\N
eb2b75d0-3bcc-4a36-9a3c-923b599d5535	a722bd23-2313-44d9-a0c6-82a5270900a8	\N	09a9db2e-a25b-48b9-b37a-2b74e35d74bb	t	\N	\N
82943a12-51e8-4829-bbed-78f29c1a148d	4fa0db05-161f-4165-b00c-52528866490c	\N	09a9db2e-a25b-48b9-b37a-2b74e35d74bb	t	\N	\N
f15a4636-8598-46d4-9896-d20968de5ad0	d77c55c5-670a-4bc5-bf46-5ff9662077f6	\N	09a9db2e-a25b-48b9-b37a-2b74e35d74bb	t	\N	\N
0240fd13-4c0f-440e-bc40-b53d7d8b73cb	dc2a0312-bdaf-45d4-b3a4-9c3216012e4b	\N	09a9db2e-a25b-48b9-b37a-2b74e35d74bb	t	\N	\N
963ceb8b-5ff9-4d81-b15c-db616470a7cb	81f9f274-c50a-4b30-b0f5-15c1479b942c	\N	d0c10212-08a6-44f8-ad34-cc0edb65b78f	t	\N	\N
893d3378-ec05-4662-8e46-fa4d2e3776b5	213addc7-6d5d-4a39-95bf-ded6afa510a6	\N	d0c10212-08a6-44f8-ad34-cc0edb65b78f	t	\N	\N
311c164e-ed85-4b25-b818-2b493f147384	dc43f223-8b76-457a-b035-8b186320bdea	\N	d0c10212-08a6-44f8-ad34-cc0edb65b78f	t	\N	\N
54ca757b-9690-40c4-ab7c-bef484f70af0	2487435b-5598-4a44-bc31-f93ed8a2ec43	\N	d0c10212-08a6-44f8-ad34-cc0edb65b78f	t	\N	\N
37d52524-befd-4e24-994e-529a7fbe610c	8769cf20-6d36-42a5-ac40-bb9f4c9c09bb	\N	d0c10212-08a6-44f8-ad34-cc0edb65b78f	t	\N	\N
8cfb9b98-9a81-4bbd-bb15-90b361b62ab6	49c4aeec-3a4e-4761-b3cf-2546381857f7	\N	d0c10212-08a6-44f8-ad34-cc0edb65b78f	t	\N	\N
bdde364e-903b-48d1-b481-22e118bef7ca	b8bc48bb-2b86-415c-837f-dbad58dd3e2d	\N	d0c10212-08a6-44f8-ad34-cc0edb65b78f	t	\N	\N
b15eb462-fde3-4bd9-a450-77e38069953f	f826618b-cee5-4d6c-bcde-27e7a74a0b63	\N	d0c10212-08a6-44f8-ad34-cc0edb65b78f	t	\N	\N
1d43c96b-7a41-4a16-84a3-02c5ee9ce7fa	a2a3736c-4cbd-43f4-b8e4-8041a2b9d8f5	\N	d0c10212-08a6-44f8-ad34-cc0edb65b78f	t	\N	\N
007fa2fb-c150-4e96-a253-6a45090632a7	cc64e9d2-eb80-4755-93f7-3711fe3d2dd0	\N	d0c10212-08a6-44f8-ad34-cc0edb65b78f	t	\N	\N
752881e2-e6b9-41e7-a1ce-2eaaffcc9c8d	7c413b7f-9005-43a9-9b44-1984a23ae65f	\N	d0c10212-08a6-44f8-ad34-cc0edb65b78f	t	\N	\N
890acd61-c98d-4aeb-aba3-7f116847d3d1	17a303e2-58b9-434a-b0e3-a3227ba197dc	\N	09a9db2e-a25b-48b9-b37a-2b74e35d74bb	t	\N	\N
99c056a0-4975-453b-a129-1fad367f48ff	f8d6ffe2-7f9a-4126-9e27-9d374e3ab509	\N	09a9db2e-a25b-48b9-b37a-2b74e35d74bb	t	\N	\N
16a355fe-6b07-455f-bc81-bb31e154ea7a	8cc39180-992f-41be-88d7-d798fc88abe0	\N	09a9db2e-a25b-48b9-b37a-2b74e35d74bb	t	\N	\N
5b2763cf-8f03-4e16-867d-87525f9d72b4	45d76ed8-35ff-473d-b70c-92c0762d7a89	\N	09a9db2e-a25b-48b9-b37a-2b74e35d74bb	t	\N	\N
8cfe13cf-fcd1-4ba7-b9ff-d9182d99917c	5a07f60b-4776-4160-947b-fe207b5d64e5	\N	09a9db2e-a25b-48b9-b37a-2b74e35d74bb	t	\N	\N
532c6535-d2e8-4a42-ba12-0d0be894a98d	55d97917-9df6-48ee-9afe-cbbfa0fe1796	\N	09a9db2e-a25b-48b9-b37a-2b74e35d74bb	t	\N	\N
0890d2ce-67e4-4531-b1e0-5425e2773fe0	cac00e26-1bd0-47c3-b2a8-4eb754562d6d	\N	09a9db2e-a25b-48b9-b37a-2b74e35d74bb	t	\N	\N
892033df-8c39-4d37-86b6-aae97c5363e0	08d712ee-e2bc-4ca6-9660-fa986c4c4158	\N	09a9db2e-a25b-48b9-b37a-2b74e35d74bb	t	\N	\N
6f1c18d6-1638-4f4d-9c50-0415cfca6d7e	ac28c6c7-0004-4f66-9e60-a175d8f2cdb7	\N	09a9db2e-a25b-48b9-b37a-2b74e35d74bb	t	\N	\N
d3e5d5e7-475b-4aa1-a445-ecc46d14e0b6	5e8a31cb-3ca8-4d0d-9489-dc20d318827b	\N	09a9db2e-a25b-48b9-b37a-2b74e35d74bb	t	\N	\N
d805624b-0350-412a-a6a5-aab6a6c0618e	d4a4ffc6-fd8b-45ae-82a2-f49d61729300	\N	09a9db2e-a25b-48b9-b37a-2b74e35d74bb	t	\N	\N
3843816e-914d-4dab-852e-60800f43b2a4	72a6f1b1-63cd-48fd-9aed-7fd8bd8c8ddf	\N	09a9db2e-a25b-48b9-b37a-2b74e35d74bb	t	\N	\N
12ced7b2-f21e-466f-aa41-1e474972858a	7131d54d-4686-4ca4-8a4f-cf090eaa7d5e	\N	09a9db2e-a25b-48b9-b37a-2b74e35d74bb	t	\N	\N
0db60764-a1db-4642-9bd1-08e7699497fd	8f2c8d2d-5ffd-42ae-abd0-cce3cddc1dff	\N	09a9db2e-a25b-48b9-b37a-2b74e35d74bb	t	\N	\N
178c9e01-1098-428d-9234-502aa9d0f466	9a8e559f-1792-4dbf-b515-2bff3261aaf6	\N	09a9db2e-a25b-48b9-b37a-2b74e35d74bb	t	\N	\N
a764fa0e-4749-499f-94ad-4d268b93fc69	f96609c4-4c21-4b74-8523-f2c3b78d4c49	\N	d0c10212-08a6-44f8-ad34-cc0edb65b78f	t	\N	\N
94ea6647-ee56-4bb9-8c7b-5fbba0c760a2	c7a9dddd-29a9-4698-991f-ecab63cf6fd0	\N	d0c10212-08a6-44f8-ad34-cc0edb65b78f	t	\N	\N
ab08e6ae-65de-475d-a864-e3bcbcad0b37	60d0dce2-79cf-4c2c-86ec-e1f5a19bc60a	\N	d0c10212-08a6-44f8-ad34-cc0edb65b78f	t	\N	\N
dede9dd8-042b-4646-8f88-68364b19bf2b	7b55eeb0-4468-4696-b2fd-a50a7e058ec5	\N	d0c10212-08a6-44f8-ad34-cc0edb65b78f	t	\N	\N
c42632b5-14ee-42ed-a347-3edb9f52222f	25ba77b8-721c-4c32-b5c6-97ea194d2958	\N	d0c10212-08a6-44f8-ad34-cc0edb65b78f	t	\N	\N
d1de33f0-c0d8-4c96-8f0d-12fb960ea221	081d3462-484c-45f4-b7df-9eef1712d829	\N	d0c10212-08a6-44f8-ad34-cc0edb65b78f	t	\N	\N
77ec0a28-3652-4c91-a17d-8bb411973a8f	d04c2d81-ce92-4221-990a-64c5e1142ee9	\N	d0c10212-08a6-44f8-ad34-cc0edb65b78f	t	\N	\N
61009ac7-a25d-4bcf-844e-483e72429bd7	74c83e0a-3e21-4c01-b18a-a81f7e089d64	\N	d0c10212-08a6-44f8-ad34-cc0edb65b78f	t	\N	\N
5aff1531-e76b-4002-a586-a26d10b02b26	9f830199-bde9-43a4-84e9-986992a1e3d3	\N	d0c10212-08a6-44f8-ad34-cc0edb65b78f	t	\N	\N
6291ee7c-7b55-4dfc-a898-c7bad0f57cd9	750d8c1e-30f2-49fc-a445-7acdb4bff78e	\N	d0c10212-08a6-44f8-ad34-cc0edb65b78f	t	\N	\N
2d5bafa5-a767-45db-8413-31d8bd8b9f90	bf6a64c8-9929-4dff-84b1-ddc2610a39ea	\N	f04b744d-1e24-4808-bdc1-64958528a884	t	GOOD	GOOD
19c592a5-3e6e-421d-b6bd-fc8600397a26	afb3877f-5868-478e-8359-b83d10f1b806	\N	f04b744d-1e24-4808-bdc1-64958528a884	t	FAIR	EXCELLENT
634b8eb9-8d83-4390-afc6-4c736da933f6	5264810a-e588-42d0-bf5f-7391a9cf5c9e	\N	f04b744d-1e24-4808-bdc1-64958528a884	t	EXCELLENT	EXCELLENT
af9d69e0-bde5-4f04-b54b-33f166b4d604	bf6a64c8-9929-4dff-84b1-ddc2610a39ea	\N	497bfa45-fb2d-4a86-8132-f85a8c9079d3	t	\N	\N
50d2683e-394c-44b5-97d7-d46ab82ad088	afb3877f-5868-478e-8359-b83d10f1b806	\N	497bfa45-fb2d-4a86-8132-f85a8c9079d3	t	\N	\N
dbca6e50-8481-46eb-9f95-de01974e96a5	5264810a-e588-42d0-bf5f-7391a9cf5c9e	\N	497bfa45-fb2d-4a86-8132-f85a8c9079d3	t	\N	\N
cc03f567-973d-44b9-925f-dd082dc592ca	ad497eb6-6b41-4f04-97ac-cfff98b8cbae	\N	d0c10212-08a6-44f8-ad34-cc0edb65b78f	t	\N	\N
88b768f0-581b-4c44-a7d1-1cdb35929f93	c4365db1-b405-4aac-ad56-4f21780797c0	\N	d0c10212-08a6-44f8-ad34-cc0edb65b78f	t	\N	\N
217a5db5-af13-4f71-b365-ddbb2eeba09e	5ba55904-fc97-4cc9-a015-d32e7ab8c3d2	\N	d0c10212-08a6-44f8-ad34-cc0edb65b78f	t	\N	\N
0c0ae688-9c94-4f25-9638-7b69a03f7213	eac386e1-ca07-42b6-9817-50f1d1081903	\N	d0c10212-08a6-44f8-ad34-cc0edb65b78f	t	\N	\N
8c5061fb-33d9-48dd-b3cc-ea349659bffe	0d39a916-dd79-4bc8-b493-771b456ed8ce	\N	d0c10212-08a6-44f8-ad34-cc0edb65b78f	t	\N	\N
bce6b5d5-f0c8-467c-aff1-aa32a242a370	e25eac4b-ed6a-433b-b311-c27ea3f1faa4	\N	d0c10212-08a6-44f8-ad34-cc0edb65b78f	t	\N	\N
60ea7f95-2f7d-4394-a4e8-3b358a6b1100	4b6cfdbe-4ea5-4ff4-b187-77b13c55f894	\N	d0c10212-08a6-44f8-ad34-cc0edb65b78f	t	\N	\N
e76fadc4-67af-4f75-aaa5-20cb5c772efe	423ad9ea-e868-49c8-a31d-1dbb6e0c4422	\N	d0c10212-08a6-44f8-ad34-cc0edb65b78f	t	\N	\N
923f2d1d-62d8-4d4d-adc6-6982bc242094	a94818ef-1b6d-4489-8c0b-f1667cb7cb82	\N	d0c10212-08a6-44f8-ad34-cc0edb65b78f	t	\N	\N
6719aaac-956c-4aed-97c1-77836653d724	bf05969b-0fcf-4617-a8ea-340ae3a7d9ca	\N	0b6aeb65-5d32-46cb-9c00-bb7579506258	t	\N	\N
ff826293-45d1-4927-9888-84a60866e76f	49c4aeec-3a4e-4761-b3cf-2546381857f7	\N	2859c556-656e-4367-a4b3-eeb0efa6bd86	f	\N	\N
abb47f73-f8a2-43e7-93f4-d3302d54c27c	b43981e9-6f50-4908-b225-1f5d5a70c68e	\N	4029717a-ba95-4c26-abfe-453df2616d81	f	\N	\N
59e8f5ba-58c5-4c69-a24b-2f7e00b8d0b6	213addc7-6d5d-4a39-95bf-ded6afa510a6	\N	2859c556-656e-4367-a4b3-eeb0efa6bd86	t	EXCELLENT	GREAT
4c1d12c2-90cc-4d8c-8046-ce2c394f6c61	b05b035e-4867-40c1-965e-f60630bfa457	Ei osallistunut alkuun, jalka kipeä tms.	4029717a-ba95-4c26-abfe-453df2616d81	t	GOOD	GOOD
b830b3c4-92b1-44a0-980c-abcff69c1a41	2dd7377d-323a-4e73-9a14-5962ec2b8a58	\N	4029717a-ba95-4c26-abfe-453df2616d81	t	GREAT	GREAT
eba7d2a3-34c2-421b-afaa-78d2596be8dc	5b0a3d1b-efdc-4ec5-a0f5-50e84e66966e	Terve terve jotain huomioita	0b6aeb65-5d32-46cb-9c00-bb7579506258	t	\N	\N
064b9e5b-3b61-4d92-b519-9a58e93f810a	e25eac4b-ed6a-433b-b311-c27ea3f1faa4	\N	2859c556-656e-4367-a4b3-eeb0efa6bd86	f	\N	\N
a763d868-cb93-4fab-9240-70afade0e277	7b55eeb0-4468-4696-b2fd-a50a7e058ec5	\N	2859c556-656e-4367-a4b3-eeb0efa6bd86	t	GOOD	GOOD
e6d6c4b0-ba59-46f7-bc72-4a521a59eacd	25ba77b8-721c-4c32-b5c6-97ea194d2958	\N	2859c556-656e-4367-a4b3-eeb0efa6bd86	t	GOOD	GOOD
09893d88-3da5-4c16-b6fd-175f3d3db336	081d3462-484c-45f4-b7df-9eef1712d829	\N	2859c556-656e-4367-a4b3-eeb0efa6bd86	t	GOOD	GOOD
e8946e72-6fa4-4ac4-845d-3ac32f39543b	d04c2d81-ce92-4221-990a-64c5e1142ee9	\N	2859c556-656e-4367-a4b3-eeb0efa6bd86	t	GREAT	GOOD
78b1f954-1ff1-4300-aa2d-b4bbbc50a824	bde08c48-5140-47eb-b28b-ce5c86ea8f46	\N	efe31604-e6fc-418e-ba94-4cc9b5955ef8	f	\N	\N
ef741674-c2dc-4c5e-bdee-bee3ca0409ae	a639981f-4bf0-4871-b264-00ad02a9a286	\N	efe31604-e6fc-418e-ba94-4cc9b5955ef8	t	\N	GREAT
60829fcb-1bb7-4876-9100-768c203a08a2	c67dd576-d4c0-4d3d-82ec-9e20e69c629e	\N	efe31604-e6fc-418e-ba94-4cc9b5955ef8	t	GREAT	\N
d4e9884d-5080-495e-a9c8-46ebfd05047a	36920386-dc0f-4b52-aacc-ca4b36d3ac9b	\N	efe31604-e6fc-418e-ba94-4cc9b5955ef8	t	\N	EXCELLENT
0803da03-b10a-4150-ac0d-baa6bfbf129c	932b4426-7f6d-46ff-a9c4-a9fc697ddc23	Hienoa työskentelyä pariakrobatiassa	efe31604-e6fc-418e-ba94-4cc9b5955ef8	t	\N	\N
83bd22b5-d44d-48eb-bb5e-e1145aca2fb1	fa6f162f-c93d-497c-b27b-9a6450a4a6ad	\N	dd81081e-3ed6-4807-99e9-988af80153fc	t	\N	\N
2512c53a-2004-404c-b2e1-5c297ef1752d	f925429c-08cc-4cba-b5d4-d63ccf818c49	\N	dd81081e-3ed6-4807-99e9-988af80153fc	t	\N	\N
23347e18-86f4-4b1c-88ea-ce50a23b1280	789e18c3-638d-4651-be65-ec0a1661539f	\N	9ff76a2b-5a00-4ea4-ae23-f51a8ff3540d	t	\N	\N
460997d9-927c-4a3d-b0ce-7dcd9491e803	3e6e5df9-5dfa-4ca7-9a45-d715cff22c70	\N	9ff76a2b-5a00-4ea4-ae23-f51a8ff3540d	t	\N	\N
fd79d758-e019-4dda-953e-692361e412ac	a722bd23-2313-44d9-a0c6-82a5270900a8	\N	9ff76a2b-5a00-4ea4-ae23-f51a8ff3540d	t	\N	\N
a5793e43-83be-4b6f-9e09-24817101dcd4	4fa0db05-161f-4165-b00c-52528866490c	\N	9ff76a2b-5a00-4ea4-ae23-f51a8ff3540d	t	\N	\N
80bfb4e5-3f47-4343-b784-a1daa340a2cc	d77c55c5-670a-4bc5-bf46-5ff9662077f6	\N	9ff76a2b-5a00-4ea4-ae23-f51a8ff3540d	t	\N	\N
560f47ce-e24e-460e-a87e-ba02acccf1aa	dc2a0312-bdaf-45d4-b3a4-9c3216012e4b	\N	9ff76a2b-5a00-4ea4-ae23-f51a8ff3540d	t	\N	\N
c32593cf-f790-40ef-b8b9-412f6aa84a99	17a303e2-58b9-434a-b0e3-a3227ba197dc	\N	9ff76a2b-5a00-4ea4-ae23-f51a8ff3540d	t	\N	\N
ca914d95-c291-4388-b801-414e559f7736	f8d6ffe2-7f9a-4126-9e27-9d374e3ab509	\N	9ff76a2b-5a00-4ea4-ae23-f51a8ff3540d	t	\N	\N
884e94d9-7fae-49d7-b257-c476e9030cb6	8cc39180-992f-41be-88d7-d798fc88abe0	\N	9ff76a2b-5a00-4ea4-ae23-f51a8ff3540d	t	\N	\N
4c435dc9-f27d-4de8-a6c0-40ceddbd4415	45d76ed8-35ff-473d-b70c-92c0762d7a89	\N	9ff76a2b-5a00-4ea4-ae23-f51a8ff3540d	t	\N	\N
6db48738-511f-49df-ab87-a70f5e7de8bf	5a07f60b-4776-4160-947b-fe207b5d64e5	\N	9ff76a2b-5a00-4ea4-ae23-f51a8ff3540d	t	\N	\N
0de123ed-df58-41bb-abd8-9199c5a2a177	55d97917-9df6-48ee-9afe-cbbfa0fe1796	\N	9ff76a2b-5a00-4ea4-ae23-f51a8ff3540d	t	\N	\N
1415eb4e-f84b-46e7-bd8c-88d78522c081	cac00e26-1bd0-47c3-b2a8-4eb754562d6d	\N	9ff76a2b-5a00-4ea4-ae23-f51a8ff3540d	t	\N	\N
8363044d-90d3-4ee4-be67-624790442414	08d712ee-e2bc-4ca6-9660-fa986c4c4158	\N	9ff76a2b-5a00-4ea4-ae23-f51a8ff3540d	t	\N	\N
99e33283-e5d1-47d7-91ac-ec7fe10198e9	ac28c6c7-0004-4f66-9e60-a175d8f2cdb7	\N	9ff76a2b-5a00-4ea4-ae23-f51a8ff3540d	t	\N	\N
856a2e20-8086-4d6c-ab68-616529abed2c	5e8a31cb-3ca8-4d0d-9489-dc20d318827b	\N	9ff76a2b-5a00-4ea4-ae23-f51a8ff3540d	t	\N	\N
84969692-e41a-4ecd-871b-1e8db965cd4b	d4a4ffc6-fd8b-45ae-82a2-f49d61729300	\N	9ff76a2b-5a00-4ea4-ae23-f51a8ff3540d	t	\N	\N
ed7a7d51-4136-4654-a71b-5c13b94ce9ed	72a6f1b1-63cd-48fd-9aed-7fd8bd8c8ddf	\N	9ff76a2b-5a00-4ea4-ae23-f51a8ff3540d	t	\N	\N
026c4078-dbd9-49da-a4fb-f7d8ee4b3d02	7131d54d-4686-4ca4-8a4f-cf090eaa7d5e	\N	9ff76a2b-5a00-4ea4-ae23-f51a8ff3540d	t	\N	\N
f4b3845a-2d29-4486-b396-c14019d2ce14	8f2c8d2d-5ffd-42ae-abd0-cce3cddc1dff	\N	9ff76a2b-5a00-4ea4-ae23-f51a8ff3540d	t	\N	\N
1bf1eaed-3459-475a-82e2-dcece15f9091	9a8e559f-1792-4dbf-b515-2bff3261aaf6	\N	9ff76a2b-5a00-4ea4-ae23-f51a8ff3540d	t	\N	\N
086d19cc-cd76-492f-ac9f-06e7961559e3	14c62b14-21d5-468c-b04f-89d60b2efc76	\N	d9f552e0-8d39-43a7-9274-dfb573e5dc72	t	\N	\N
04256c8c-1987-4b9f-b8e6-b2490c471c88	44af4d28-bf42-438d-aa9b-9bf9de75b9a2	\N	d9f552e0-8d39-43a7-9274-dfb573e5dc72	t	\N	\N
5da3eb88-0b43-473f-abc7-5c000992016b	a37dd7ab-82b3-41ed-b2a4-8213902dd004	\N	d9f552e0-8d39-43a7-9274-dfb573e5dc72	t	\N	\N
4b51e50d-89e3-4c65-835d-d9cf36aa5077	dc2a0312-bdaf-45d4-b3a4-9c3216012e4b	\N	07d15539-3d6f-43d8-9b87-0239d41111c4	f	\N	\N
1f1d22a7-6082-4e03-b020-47857cd2cae9	8cc39180-992f-41be-88d7-d798fc88abe0	\N	07d15539-3d6f-43d8-9b87-0239d41111c4	f	\N	\N
bd4c7d7d-c788-40c3-b6bf-21e5d286c494	cac00e26-1bd0-47c3-b2a8-4eb754562d6d	\N	07d15539-3d6f-43d8-9b87-0239d41111c4	f	\N	\N
f428d0d2-7696-4239-9a56-cc0d024800e4	4fa0db05-161f-4165-b00c-52528866490c	\N	07d15539-3d6f-43d8-9b87-0239d41111c4	t	GREAT	FAIR
91875020-d139-4776-97f7-37a42e1c09e8	d77c55c5-670a-4bc5-bf46-5ff9662077f6	\N	07d15539-3d6f-43d8-9b87-0239d41111c4	t	GREAT	GREAT
baabe36c-da36-469f-8b85-38250143b933	17a303e2-58b9-434a-b0e3-a3227ba197dc	\N	07d15539-3d6f-43d8-9b87-0239d41111c4	t	FAIR	FAIR
a415bf2f-399b-4431-b416-826e58bca7c1	45d76ed8-35ff-473d-b70c-92c0762d7a89	\N	07d15539-3d6f-43d8-9b87-0239d41111c4	t	GREAT	GREAT
bb67c552-690e-4ddc-aaa6-61ea5cc673e1	5a07f60b-4776-4160-947b-fe207b5d64e5	\N	07d15539-3d6f-43d8-9b87-0239d41111c4	t	EXCELLENT	EXCELLENT
fdf5a870-90e1-4aec-b13e-0f05600fb5b9	55d97917-9df6-48ee-9afe-cbbfa0fe1796	\N	07d15539-3d6f-43d8-9b87-0239d41111c4	t	EXCELLENT	EXCELLENT
d23b9644-d67b-4b54-a299-5f459ccfeb19	08d712ee-e2bc-4ca6-9660-fa986c4c4158	\N	07d15539-3d6f-43d8-9b87-0239d41111c4	t	EXCELLENT	EXCELLENT
f4a2a199-1b08-47c4-aeb2-66095e8f66d8	ac28c6c7-0004-4f66-9e60-a175d8f2cdb7	\N	07d15539-3d6f-43d8-9b87-0239d41111c4	t	EXCELLENT	EXCELLENT
fca0b6fa-deb9-446c-9606-fe2a0987848f	5e8a31cb-3ca8-4d0d-9489-dc20d318827b	\N	07d15539-3d6f-43d8-9b87-0239d41111c4	t	EXCELLENT	EXCELLENT
5ece567e-78d0-482f-a5d5-f925405c811b	3e6e5df9-5dfa-4ca7-9a45-d715cff22c70	\N	590fdce8-d6e8-471a-80f2-3864cb836225	t	\N	\N
9c40bbf1-e001-4305-808f-b17c2de3e00d	f925429c-08cc-4cba-b5d4-d63ccf818c49	\N	5ce16688-56df-465d-bfb4-04d94f86a484	f	GREAT	EXCELLENT
ccbaa077-a0cd-4edc-9a4c-e051f3b13733	7131d54d-4686-4ca4-8a4f-cf090eaa7d5e	\N	07d15539-3d6f-43d8-9b87-0239d41111c4	f	\N	\N
7b4e3ff1-56a0-4caf-a55a-47535b7549e3	9a8e559f-1792-4dbf-b515-2bff3261aaf6	\N	07d15539-3d6f-43d8-9b87-0239d41111c4	f	\N	\N
5222b1e0-c132-44db-b5a1-5ad39806cec0	789e18c3-638d-4651-be65-ec0a1661539f	\N	07d15539-3d6f-43d8-9b87-0239d41111c4	t	GOOD	GOOD
ef7d30db-e34d-47b5-83cb-406b79a8f9ab	3e6e5df9-5dfa-4ca7-9a45-d715cff22c70	\N	07d15539-3d6f-43d8-9b87-0239d41111c4	t	GOOD	GOOD
531d1038-074b-4a3d-b1c1-512a10c308a1	a722bd23-2313-44d9-a0c6-82a5270900a8	\N	07d15539-3d6f-43d8-9b87-0239d41111c4	t	\N	FAIR
58e07dd1-48cd-4dc9-a692-2c85048598f1	f8d6ffe2-7f9a-4126-9e27-9d374e3ab509	\N	07d15539-3d6f-43d8-9b87-0239d41111c4	t	GOOD	GOOD
3004c9af-c43d-4607-8654-aff8ab4ef88f	d4a4ffc6-fd8b-45ae-82a2-f49d61729300	\N	07d15539-3d6f-43d8-9b87-0239d41111c4	t	EXCELLENT	EXCELLENT
afad436f-0b2b-41ca-bc92-2b96417b353b	72a6f1b1-63cd-48fd-9aed-7fd8bd8c8ddf	\N	07d15539-3d6f-43d8-9b87-0239d41111c4	t	EXCELLENT	EXCELLENT
f3b58910-999e-4bfb-8d85-30c2fdcd70b9	8f2c8d2d-5ffd-42ae-abd0-cce3cddc1dff	\N	07d15539-3d6f-43d8-9b87-0239d41111c4	t	EXCELLENT	EXCELLENT
199f98f7-f1d8-45ce-926c-203840bc9fff	148a28ac-012b-44c4-b684-87a00ace9c72	\N	b1b09203-60c2-421a-a59c-9dbc126eb44a	f	\N	\N
36514e99-77bd-4fb9-9a88-849e054e3602	bde08c48-5140-47eb-b28b-ce5c86ea8f46	\N	b1b09203-60c2-421a-a59c-9dbc126eb44a	f	\N	\N
f3dd9d8a-d20a-4c8e-8056-82600a36fd46	c942743a-d10b-4460-bc99-44ea941f6f8f	\N	b1b09203-60c2-421a-a59c-9dbc126eb44a	t	GOOD	EXCELLENT
b4b3e13e-65c3-4bcc-9243-51f64695be7b	e71cd959-78a0-4843-af83-1e8e741e7edf	\N	b1b09203-60c2-421a-a59c-9dbc126eb44a	t	GOOD	GREAT
e9688da9-3f77-4c8d-9545-72fba3950f32	f03779c1-9d87-439c-8d95-14e384c7d2c0	\N	b1b09203-60c2-421a-a59c-9dbc126eb44a	t	EXCELLENT	EXCELLENT
13181a3d-c9b2-4ad4-9314-b95c9db1b55d	05c4f013-bc9a-4155-925b-6f8485bb5378	\N	b1b09203-60c2-421a-a59c-9dbc126eb44a	t	GOOD	GOOD
3284a007-4a38-4491-add1-094d434b35f4	9b14ff5e-b7da-446f-bf7b-601d7a7a5a86	\N	b1b09203-60c2-421a-a59c-9dbc126eb44a	t	FAIR	GREAT
e657bc83-239a-4a6c-9ba4-e39a948c156f	5bbc08f9-01e0-4911-9a6a-38790219ce2a	\N	b1b09203-60c2-421a-a59c-9dbc126eb44a	t	FAIR	FAIR
09460a30-04df-43c1-bb45-1c802795937a	e1efe28e-64c5-402b-a692-0f795a6293c8	\N	b1b09203-60c2-421a-a59c-9dbc126eb44a	t	FAIR	GREAT
53eb5d70-1d13-42f9-99ca-6f330b595f09	cbffcbc6-7d16-4e3b-845d-0f0397dcca9e	\N	b1b09203-60c2-421a-a59c-9dbc126eb44a	t	GOOD	GOOD
bd4c0b2b-f120-4ea7-8c19-e8bb3c4f0826	f4fc8254-27a5-4a0d-aca1-03b85e4020ab	\N	b1b09203-60c2-421a-a59c-9dbc126eb44a	t	GOOD	FAIR
e1f03edd-8b18-492c-b035-f9d58e8f7abe	af2c74f6-f7ed-4bf3-94cd-63b0d228dd6f	\N	b1b09203-60c2-421a-a59c-9dbc126eb44a	t	GOOD	EXCELLENT
66f15946-dbf2-48cd-aaa5-77a5e1cbddd2	a639981f-4bf0-4871-b264-00ad02a9a286	\N	b1b09203-60c2-421a-a59c-9dbc126eb44a	t	GOOD	GREAT
8cc6b441-e675-4a03-a441-d861521da8da	c67dd576-d4c0-4d3d-82ec-9e20e69c629e	\N	b1b09203-60c2-421a-a59c-9dbc126eb44a	t	GOOD	GOOD
21e7e7c8-ccbb-45c1-93ab-7041a73cf242	36920386-dc0f-4b52-aacc-ca4b36d3ac9b	\N	b1b09203-60c2-421a-a59c-9dbc126eb44a	t	GOOD	EXCELLENT
3edb7de6-59f7-4bcb-ac9d-666dd852200f	932b4426-7f6d-46ff-a9c4-a9fc697ddc23	\N	b1b09203-60c2-421a-a59c-9dbc126eb44a	t	EXCELLENT	GREAT
fdc7ac12-dfca-4cc4-874e-fce06a3527cd	bf6a64c8-9929-4dff-84b1-ddc2610a39ea	\N	54d1f6bc-39c3-4cb8-b0b5-b179fa60dc2e	t	GREAT	GREAT
a79fc4a5-dd42-47cf-97a0-4dfdc23dc598	5264810a-e588-42d0-bf5f-7391a9cf5c9e	\N	54d1f6bc-39c3-4cb8-b0b5-b179fa60dc2e	t	GOOD	EXCELLENT
126c2040-ee65-4158-8ec2-e216c6701bcf	afb3877f-5868-478e-8359-b83d10f1b806	\N	54d1f6bc-39c3-4cb8-b0b5-b179fa60dc2e	t	GOOD	GREAT
8ceafa4b-0a1f-4042-99e0-524efaf61de6	81f9f274-c50a-4b30-b0f5-15c1479b942c	\N	2859c556-656e-4367-a4b3-eeb0efa6bd86	t	GREAT	GREAT
0a9b3402-0628-4f0c-9c56-6c09bc54d2cb	2487435b-5598-4a44-bc31-f93ed8a2ec43	\N	2859c556-656e-4367-a4b3-eeb0efa6bd86	t	GOOD	GOOD
e250b909-c09c-40bc-8c20-428ced811d79	8769cf20-6d36-42a5-ac40-bb9f4c9c09bb	\N	2859c556-656e-4367-a4b3-eeb0efa6bd86	t	GREAT	GREAT
86960ba6-e719-45f1-ac31-3f6cd4a54aa2	b8bc48bb-2b86-415c-837f-dbad58dd3e2d	\N	2859c556-656e-4367-a4b3-eeb0efa6bd86	t	GREAT	GREAT
2ba4d022-ab40-4042-8ca0-917873740b4f	cc64e9d2-eb80-4755-93f7-3711fe3d2dd0	\N	2859c556-656e-4367-a4b3-eeb0efa6bd86	t	GOOD	GREAT
e2e7539e-60d2-4632-9a42-c3dacff53ed0	f96609c4-4c21-4b74-8523-f2c3b78d4c49	\N	2859c556-656e-4367-a4b3-eeb0efa6bd86	t	GOOD	GOOD
a5871d61-8d96-4908-ad83-5791250519b3	750d8c1e-30f2-49fc-a445-7acdb4bff78e	\N	2859c556-656e-4367-a4b3-eeb0efa6bd86	t	GOOD	GOOD
60a3ff25-177d-4abf-a301-4a7bbb3e2ff0	eac386e1-ca07-42b6-9817-50f1d1081903	\N	2859c556-656e-4367-a4b3-eeb0efa6bd86	t	GOOD	GOOD
92f44426-cdf8-4c88-a7bf-c80ea39f03a0	423ad9ea-e868-49c8-a31d-1dbb6e0c4422	\N	2859c556-656e-4367-a4b3-eeb0efa6bd86	t	GOOD	GOOD
83f2f921-64be-497e-b560-fda790dee6e1	a94818ef-1b6d-4489-8c0b-f1667cb7cb82	\N	2859c556-656e-4367-a4b3-eeb0efa6bd86	t	GREAT	GREAT
223b8c46-8f6d-4b45-aa30-209487817a96	cbffcbc6-7d16-4e3b-845d-0f0397dcca9e	\N	efe31604-e6fc-418e-ba94-4cc9b5955ef8	t	\N	EXCELLENT
51a729db-a2b8-4c76-a8bb-d97bcbd3e5a9	14c62b14-21d5-468c-b04f-89d60b2efc76	\N	39716719-b0c7-4f70-87eb-221191db0e11	f	\N	\N
c11848f7-2ada-45ac-92e9-550a7b8b8b37	44af4d28-bf42-438d-aa9b-9bf9de75b9a2	\N	39716719-b0c7-4f70-87eb-221191db0e11	t	\N	\N
8e25ecee-8215-4526-8da3-309f9db807eb	898eaa06-334f-4446-98b3-2368ad2b6cef	\N	79820907-8332-42aa-9f52-a85b12399a81	f	\N	\N
92411207-e9c3-4705-ba2d-cd426218cb9a	d19cd645-fa1d-4e74-a7c8-ec4b4b612983	\N	79820907-8332-42aa-9f52-a85b12399a81	t	EXCELLENT	GREAT
caa5e796-d379-4dd1-ac30-395feed64cc1	143f673e-f9e3-4c24-a7b2-6f7c9ee22499	\N	79820907-8332-42aa-9f52-a85b12399a81	t	GOOD	GREAT
dfba8321-15ba-4ccb-9e06-86251384db25	eb96e883-bf2d-4482-b8c9-6d272ee35354	\N	79820907-8332-42aa-9f52-a85b12399a81	t	GREAT	GOOD
a3349e50-3034-4509-83f3-98bb3d83c802	5f2d8cba-c89d-4dee-b204-911a7f658599	\N	79820907-8332-42aa-9f52-a85b12399a81	t	GOOD	GREAT
e0f3190e-2d00-4acd-ab1d-3a945e4c149a	41403fd8-289f-42b0-8d4f-4f8f2d47898d	\N	79820907-8332-42aa-9f52-a85b12399a81	t	EXCELLENT	GREAT
1b2647cb-ce39-4fdb-86ce-a14f5daade32	052654dc-bfba-4092-85d4-6894c908f9b1	\N	79820907-8332-42aa-9f52-a85b12399a81	t	EXCELLENT	GREAT
3252f1e6-5a52-453a-9641-786610226720	a9823635-cc6a-4026-ad85-423287d7ec49	\N	79820907-8332-42aa-9f52-a85b12399a81	t	GREAT	GREAT
4538f708-e9b5-4b23-9356-4f7ba0c03d73	4cdb20f7-d8a7-480c-9379-bbe14d95d933	\N	79820907-8332-42aa-9f52-a85b12399a81	f	\N	\N
348e4df5-2eee-4439-a423-bb9297b06dbd	16149225-d420-4254-88de-36f235415650	\N	79820907-8332-42aa-9f52-a85b12399a81	t	GREAT	EXCELLENT
f4858449-0ea6-4f82-a49e-dd3c995d2105	b015f02b-0e21-4f21-93d4-8497311b6490	\N	79820907-8332-42aa-9f52-a85b12399a81	t	GOOD	GREAT
36314e9d-48ed-4b68-b2a7-e8a34ec700da	c8e4a140-1c7a-4b6b-b04b-86711a322f58	\N	c3a67d69-4acc-4673-984e-1905a7b3833d	f	\N	\N
f7e9fdb6-1a4e-49cd-8b1d-a841cb675682	5c6ab41c-30dc-4f02-9c31-4d691b5469e8	Oli kyllä paras tunti ikinä!!	c3a67d69-4acc-4673-984e-1905a7b3833d	t	GREAT	EXCELLENT
8ab79ded-bb01-4816-81fa-e7008ec50d9f	fd559fc1-965a-485c-a34d-1a1d26b8a655	Miksumaista toiminta... Niin kuin aina	c3a67d69-4acc-4673-984e-1905a7b3833d	t	GREAT	FAIR
d8f4999c-d94b-4219-a464-757c2ae704f8	d8749772-8bf9-4840-a843-8c117837ade6	\N	c3a67d69-4acc-4673-984e-1905a7b3833d	t	GOOD	GOOD
58980a7e-e09a-4879-94ef-85bee2ac52ba	fd559fc1-965a-485c-a34d-1a1d26b8a655	\N	556446ed-89a7-43e4-b9b5-00abe95eceba	f	\N	\N
084b41ba-9b90-4816-a647-036f061ba3d3	5c6ab41c-30dc-4f02-9c31-4d691b5469e8	\N	556446ed-89a7-43e4-b9b5-00abe95eceba	t	GOOD	GREAT
92dbd97e-2eea-4409-a7fc-3dd618dc70f9	c8e4a140-1c7a-4b6b-b04b-86711a322f58	\N	556446ed-89a7-43e4-b9b5-00abe95eceba	t	EXCELLENT	EXCELLENT
a9075e8f-9839-48c8-9489-09a750edccde	d8749772-8bf9-4840-a843-8c117837ade6	\N	556446ed-89a7-43e4-b9b5-00abe95eceba	t	GREAT	EXCELLENT
c324e104-7058-42fa-83d5-41cfbff9d4c3	5c6ab41c-30dc-4f02-9c31-4d691b5469e8	\N	6f022179-e8e8-427f-b8fa-fb290acc84f4	f	\N	\N
8e5ef312-6716-440d-9e38-f69565c61111	c8e4a140-1c7a-4b6b-b04b-86711a322f58	Ihan paskaa tekemistä, riehu vaan menemään ja koitti hukuttaa muita	6f022179-e8e8-427f-b8fa-fb290acc84f4	t	POOR	POOR
25767a44-2e6d-45bc-b303-1116e76dbc2e	fd559fc1-965a-485c-a34d-1a1d26b8a655	Mallioppilas	6f022179-e8e8-427f-b8fa-fb290acc84f4	t	EXCELLENT	EXCELLENT
021d30b3-7c1c-4b8b-b5ec-15f7a8a2eea2	d8749772-8bf9-4840-a843-8c117837ade6	Hyvää yrittämistä	6f022179-e8e8-427f-b8fa-fb290acc84f4	t	FAIR	EXCELLENT
41c85425-3f1d-4835-b4bc-eabf9bf95714	82907cc5-83bb-4c40-ac86-66a67bc9f5eb	\N	79820907-8332-42aa-9f52-a85b12399a81	t	GREAT	GREAT
cb1e1dc2-795e-4bc3-96be-c568af20d5f8	13e55cbe-ac55-47e1-b4d0-cc80073762e4	\N	79820907-8332-42aa-9f52-a85b12399a81	t	GREAT	EXCELLENT
c5d09455-15bb-4409-a245-403e132a94e1	af758be6-0adc-4e32-8543-f65f6c48fd2b	\N	4029717a-ba95-4c26-abfe-453df2616d81	f	\N	\N
1c400fe3-9be6-4bf8-b33d-e1bfbf1c36f1	c0011bcd-6952-4d60-a01b-3b455c7eea4c	\N	4029717a-ba95-4c26-abfe-453df2616d81	t	GOOD	GREAT
ea4c008a-7d1d-46d8-930c-7e86f4d522d2	a6b19b1f-e185-41df-b32a-145f3d8ba2ae	\N	4029717a-ba95-4c26-abfe-453df2616d81	t	GREAT	GOOD
51847c50-dd48-430c-aeb0-9f39b73f630c	5fd1effd-1670-4a40-bfaf-75a2a048fc91	Hienosti vastuuta tekemisestä	4029717a-ba95-4c26-abfe-453df2616d81	t	GOOD	EXCELLENT
775b839f-2057-405b-9dad-f93a466c617e	720863b3-15b5-4928-b516-5a8ec0cee764	\N	4029717a-ba95-4c26-abfe-453df2616d81	t	GREAT	GOOD
a84c7531-a896-4f13-8248-7d8cfb1449dd	eb6258aa-1619-49ae-be18-11cd0b0d7e1b	Ahkeraa työskentelyä!	4029717a-ba95-4c26-abfe-453df2616d81	t	GOOD	EXCELLENT
a30b2c0c-0bc8-452d-9091-cbd69798e327	0819eeb9-9a87-40ba-8f9a-45cacf4a2d18	\N	a5fa9792-b348-44fd-8ee8-e57e10c8955c	t	GOOD	GREAT
4cb3d493-09c0-4acc-a8f5-733e24525115	c942743a-d10b-4460-bc99-44ea941f6f8f	\N	fd4d4437-ad2e-42f8-bff9-7ce1b0bb819d	t	GREAT	EXCELLENT
377a2350-20de-41d9-93ea-42f9fa453716	f03779c1-9d87-439c-8d95-14e384c7d2c0	\N	fd4d4437-ad2e-42f8-bff9-7ce1b0bb819d	t	EXCELLENT	EXCELLENT
258c4a16-b29c-4b1c-be07-ce0612a7a87c	9b14ff5e-b7da-446f-bf7b-601d7a7a5a86	\N	fd4d4437-ad2e-42f8-bff9-7ce1b0bb819d	t	GOOD	GREAT
3e760bf5-1130-45f9-9e5b-d07982db0733	5bbc08f9-01e0-4911-9a6a-38790219ce2a	\N	fd4d4437-ad2e-42f8-bff9-7ce1b0bb819d	t	\N	FAIR
e31ef1d9-459f-41ce-afdf-de16aad44183	e71cd959-78a0-4843-af83-1e8e741e7edf	\N	fd4d4437-ad2e-42f8-bff9-7ce1b0bb819d	t	\N	\N
8b8c110f-c31e-459f-8e3f-a89bfde4a5c6	e1efe28e-64c5-402b-a692-0f795a6293c8	\N	fd4d4437-ad2e-42f8-bff9-7ce1b0bb819d	t	GOOD	GOOD
be11e8b3-b202-49ec-a220-c0941cea22e8	05c4f013-bc9a-4155-925b-6f8485bb5378	\N	fd4d4437-ad2e-42f8-bff9-7ce1b0bb819d	t	GREAT	FAIR
bdeec8e2-f339-487b-b35e-9cae9157dcb9	148a28ac-012b-44c4-b684-87a00ace9c72	\N	fd4d4437-ad2e-42f8-bff9-7ce1b0bb819d	t	EXCELLENT	EXCELLENT
3d698470-d2df-49d0-ac04-cc3843bd81eb	cbffcbc6-7d16-4e3b-845d-0f0397dcca9e	\N	fd4d4437-ad2e-42f8-bff9-7ce1b0bb819d	t	GOOD	EXCELLENT
71426393-1438-4f66-ab93-58b9f7a08b4b	f4fc8254-27a5-4a0d-aca1-03b85e4020ab	\N	fd4d4437-ad2e-42f8-bff9-7ce1b0bb819d	t	GOOD	FAIR
94539d77-f445-47f8-b113-495f65ac70c0	dc43f223-8b76-457a-b035-8b186320bdea	\N	2859c556-656e-4367-a4b3-eeb0efa6bd86	t	GOOD	GOOD
9309c1be-69b3-4ec0-9fea-45880c37b18d	f826618b-cee5-4d6c-bcde-27e7a74a0b63	\N	2859c556-656e-4367-a4b3-eeb0efa6bd86	t	GOOD	GOOD
8d443dcd-f5d4-4182-9529-47b421a6962a	7c413b7f-9005-43a9-9b44-1984a23ae65f	\N	2859c556-656e-4367-a4b3-eeb0efa6bd86	t	GOOD	GOOD
c98385b4-d8b1-49f6-8b86-a7c00ce5f8b7	60d0dce2-79cf-4c2c-86ec-e1f5a19bc60a	\N	2859c556-656e-4367-a4b3-eeb0efa6bd86	t	GOOD	GOOD
0354f491-069e-48a7-a40f-5f4435ad5014	9f830199-bde9-43a4-84e9-986992a1e3d3	\N	2859c556-656e-4367-a4b3-eeb0efa6bd86	t	GOOD	GOOD
a99de5da-885d-4d8e-8dda-29dedeea0099	c4365db1-b405-4aac-ad56-4f21780797c0	\N	2859c556-656e-4367-a4b3-eeb0efa6bd86	t	GOOD	GOOD
904d0ade-7355-4cfe-98da-ea67635b52bd	0d39a916-dd79-4bc8-b493-771b456ed8ce	\N	2859c556-656e-4367-a4b3-eeb0efa6bd86	t	GOOD	GOOD
becd3704-d78b-41d7-a317-179b51cefb8b	f4fc8254-27a5-4a0d-aca1-03b85e4020ab	\N	efe31604-e6fc-418e-ba94-4cc9b5955ef8	t	\N	GREAT
f3ea4a27-3b27-4108-b166-9c3c7e85b71b	8fa5f694-d7a7-49c2-98a2-e1aecdc80d3e	\N	0eaa72d6-b26f-4e88-83f6-ea5067da86fa	f	\N	\N
28a77b94-85b9-49e8-97f8-74d1b4ea8b36	00179acc-3d3c-496f-98db-fb88756116f4	\N	0eaa72d6-b26f-4e88-83f6-ea5067da86fa	f	\N	\N
93a2ed98-96b6-46f1-a06a-2b465707ffa8	fb78d640-ca97-407e-9d2b-6390b8a2c77d	\N	0eaa72d6-b26f-4e88-83f6-ea5067da86fa	t	GREAT	EXCELLENT
e11e9bb9-28dd-463b-8719-693acb9e41d9	45cedf94-714b-404a-8ad5-db42f55919eb	\N	0eaa72d6-b26f-4e88-83f6-ea5067da86fa	t	GREAT	GOOD
c3acb750-988f-4d85-9224-6736fa235d67	e47d29de-6a02-4e63-a52a-964fc17b744e	\N	0eaa72d6-b26f-4e88-83f6-ea5067da86fa	t	GOOD	GOOD
d8846dd6-cd10-4eb6-92d7-74995a94975a	af2c74f6-f7ed-4bf3-94cd-63b0d228dd6f	\N	fd4d4437-ad2e-42f8-bff9-7ce1b0bb819d	t	GOOD	EXCELLENT
04a9512a-44ef-49ab-a429-91da0591ce4c	a639981f-4bf0-4871-b264-00ad02a9a286	\N	fd4d4437-ad2e-42f8-bff9-7ce1b0bb819d	t	GOOD	POOR
d0c5ca6a-2c9d-4601-aa86-2bff8625f8c3	c67dd576-d4c0-4d3d-82ec-9e20e69c629e	\N	fd4d4437-ad2e-42f8-bff9-7ce1b0bb819d	t	GOOD	GOOD
b1870d5e-e904-48e8-baaf-fedad84d4da2	36920386-dc0f-4b52-aacc-ca4b36d3ac9b	\N	fd4d4437-ad2e-42f8-bff9-7ce1b0bb819d	t	GOOD	GREAT
13c6e26e-f66c-4142-be78-bcbeab5dc8b0	bde08c48-5140-47eb-b28b-ce5c86ea8f46	\N	fd4d4437-ad2e-42f8-bff9-7ce1b0bb819d	t	\N	\N
6f447a0c-5b66-42d0-9d62-d91d9d0d8ee3	932b4426-7f6d-46ff-a9c4-a9fc697ddc23	\N	fd4d4437-ad2e-42f8-bff9-7ce1b0bb819d	t	EXCELLENT	GOOD
d36acd1b-7d72-4c85-9e72-e529677b3ec5	a2a3736c-4cbd-43f4-b8e4-8041a2b9d8f5	\N	2859c556-656e-4367-a4b3-eeb0efa6bd86	t	GOOD	GOOD
113817d5-2a93-46d4-b979-31ad9a448944	c7a9dddd-29a9-4698-991f-ecab63cf6fd0	\N	2859c556-656e-4367-a4b3-eeb0efa6bd86	t	EXCELLENT	GOOD
109ea5bf-b533-41fb-ad2e-b8b80867b466	74c83e0a-3e21-4c01-b18a-a81f7e089d64	\N	2859c556-656e-4367-a4b3-eeb0efa6bd86	t	GOOD	GOOD
ffd18cb5-b981-4aac-bf3a-545bf1474c5a	ad497eb6-6b41-4f04-97ac-cfff98b8cbae	\N	2859c556-656e-4367-a4b3-eeb0efa6bd86	t	GOOD	GREAT
4edcc16b-dbcb-4cc0-9b37-dfdc7b5cfbf9	5ba55904-fc97-4cc9-a015-d32e7ab8c3d2	\N	2859c556-656e-4367-a4b3-eeb0efa6bd86	t	GOOD	GOOD
92dbbcc6-9d38-481b-8b06-fa07e277ffd6	4b6cfdbe-4ea5-4ff4-b187-77b13c55f894	\N	2859c556-656e-4367-a4b3-eeb0efa6bd86	t	GOOD	GOOD
42119a90-6e84-409d-bbe2-630a77a52c51	7af2670e-d622-44de-9458-0e3490224f19	\N	79820907-8332-42aa-9f52-a85b12399a81	t	GREAT	GREAT
41060aa1-db71-4790-86db-1caf79bad196	1da042e5-4175-4c5e-b1e1-044b2c67c3af	\N	79820907-8332-42aa-9f52-a85b12399a81	t	EXCELLENT	GREAT
d62cfe94-f530-4df1-b7da-8910445a2d10	e2c637e8-f394-4a5a-926f-1f9888a7dc98	Haistatteli opettajalle. Tämän jälkeen toimi ihan ok	4029717a-ba95-4c26-abfe-453df2616d81	t	FAIR	FAIR
5dd5195b-224e-492f-bafb-b6842e51de68	a37dd7ab-82b3-41ed-b2a4-8213902dd004	\N	fb2ac5a0-bd74-48ee-982a-f9f0a8fe8c75	t	\N	GOOD
bf56406d-fff1-4f0b-9716-3ffa08a7b838	24007058-ca39-4c69-9004-c3d29b441fb3	\N	4029717a-ba95-4c26-abfe-453df2616d81	t	GREAT	FAIR
e677786d-9282-4569-9a76-f44c7f358baf	44af4d28-bf42-438d-aa9b-9bf9de75b9a2	\N	fb2ac5a0-bd74-48ee-982a-f9f0a8fe8c75	t	\N	FAIR
52859310-45b5-4d91-b308-4686cae4d7bd	14c62b14-21d5-468c-b04f-89d60b2efc76	Jotain huomioita Topin tunnista...	fb2ac5a0-bd74-48ee-982a-f9f0a8fe8c75	t	\N	\N
fcca3181-7fb1-4470-b1e3-4935c31494ea	1d4f1fb5-3d14-4889-8aa5-1fb175c2be24	Tunnilla vain 15min koska vanhempainkeskustelu	4029717a-ba95-4c26-abfe-453df2616d81	t	GREAT	GOOD
16073099-6e63-4972-bcfd-f539558ac6ab	d07f9606-ddee-4f35-8d35-b8358dc9fc75	\N	4029717a-ba95-4c26-abfe-453df2616d81	t	GOOD	GOOD
51ce0da3-72eb-435f-91aa-50bfd2b5f3b0	abd4148b-b530-4440-b643-34d08a4bb811	\N	0eaa72d6-b26f-4e88-83f6-ea5067da86fa	f	\N	\N
be87b81a-ee88-4b9a-bdb0-c6220de1fbf9	de28725b-ccaf-45e6-b808-aeeba3fa151e	\N	0eaa72d6-b26f-4e88-83f6-ea5067da86fa	f	\N	\N
d615da21-6a7b-404d-822b-95bf0d2886d7	f4eb73ad-9a1f-4b7b-8899-b2a07ff4db2d	\N	0eaa72d6-b26f-4e88-83f6-ea5067da86fa	f	\N	\N
90beb0d6-a972-4c3a-ae96-8e570692e49f	4a3f375e-f8ce-46f9-8b9a-4587d069d036	\N	0eaa72d6-b26f-4e88-83f6-ea5067da86fa	f	\N	\N
67cdda15-b4c8-4ad1-a257-1ba058e8b72f	1461587b-fedd-4cb1-a122-58dd9ddc3fd9	\N	0eaa72d6-b26f-4e88-83f6-ea5067da86fa	f	\N	\N
18c58fc0-768b-4c56-886c-5ef9dbf6ff4d	3723e655-2484-4055-8570-13ee693d5a1a	\N	0eaa72d6-b26f-4e88-83f6-ea5067da86fa	f	\N	\N
6764418d-d718-4ca2-975d-360546158647	3e62f535-90a9-4a75-9748-27ea0d491a54	\N	0eaa72d6-b26f-4e88-83f6-ea5067da86fa	f	\N	\N
767c41b8-60ed-4405-b567-42c0941d44f5	ad671202-0d1b-4b31-a2fc-9fa9032f3b33	\N	0eaa72d6-b26f-4e88-83f6-ea5067da86fa	f	\N	\N
f7648376-271e-4670-be17-b709cff81697	2ca2b55e-b4b7-4d05-b440-3fbccdfc3c20	\N	0eaa72d6-b26f-4e88-83f6-ea5067da86fa	t	GREAT	GREAT
a7ab3448-1225-414a-aed3-e1569c2ec19d	69fec935-4bcd-43ab-9737-a524627dbe1e	\N	0eaa72d6-b26f-4e88-83f6-ea5067da86fa	t	GOOD	GOOD
72e531a2-391b-4826-811d-f154e8c3b715	1b1a60a0-0dd3-4c97-a5b7-44d0f618a7f0	\N	0eaa72d6-b26f-4e88-83f6-ea5067da86fa	t	GOOD	GOOD
269f151b-a344-4a60-9cde-93f08ffa5c54	f9c6b20c-e57c-4e70-9f32-dedd975aab01	\N	0eaa72d6-b26f-4e88-83f6-ea5067da86fa	t	GREAT	GOOD
045b7c5d-154f-46b6-86ab-e72e0b661485	71eae4f2-10b4-477e-a21f-0ef25ba08d1b	\N	0eaa72d6-b26f-4e88-83f6-ea5067da86fa	t	GREAT	GOOD
54da02a3-c3bc-4aad-a4ef-d3157a9bc2af	1556394a-6336-4838-8943-19088ecdf5e0	\N	0eaa72d6-b26f-4e88-83f6-ea5067da86fa	t	GOOD	GOOD
c74a5aba-a19c-4cfb-ba79-82c66d33efb2	0e963947-3dcf-4f30-b316-ac9d07d81b0b	\N	0eaa72d6-b26f-4e88-83f6-ea5067da86fa	t	GREAT	GREAT
dc63518d-2661-4140-80be-cb4b7001cff3	b1ef84a7-2238-4946-bd2d-97aae138bbad	\N	0eaa72d6-b26f-4e88-83f6-ea5067da86fa	t	GREAT	GOOD
e8e75962-e96a-4ab8-bd63-7a03417b351f	1f770536-fee1-4ca2-9622-ed816628c9b7	\N	0eaa72d6-b26f-4e88-83f6-ea5067da86fa	t	GREAT	EXCELLENT
8e250a16-9b82-4fd5-a1b0-065479a61130	a37dd7ab-82b3-41ed-b2a4-8213902dd004	\N	39716719-b0c7-4f70-87eb-221191db0e11	t	\N	\N
cfbca5a9-8724-4f16-ba05-bf11fe30d718	63f57cea-4036-4e38-9d84-3c36f99124ef	\N	0eaa72d6-b26f-4e88-83f6-ea5067da86fa	t	GOOD	GREAT
c391355e-0b18-4b89-9a97-89eddf0953bc	a722bd23-2313-44d9-a0c6-82a5270900a8	\N	590fdce8-d6e8-471a-80f2-3864cb836225	f	\N	\N
dcd9db88-acd4-4b2e-8ace-82ef0bbb9265	789e18c3-638d-4651-be65-ec0a1661539f	\N	590fdce8-d6e8-471a-80f2-3864cb836225	t	GREAT	GOOD
a421f175-ce9a-4f03-9519-1a496accb0a0	d77c55c5-670a-4bc5-bf46-5ff9662077f6	\N	590fdce8-d6e8-471a-80f2-3864cb836225	t	\N	\N
3f991ed9-e1ff-4eeb-a8c8-f81377eb2e10	dc2a0312-bdaf-45d4-b3a4-9c3216012e4b	\N	590fdce8-d6e8-471a-80f2-3864cb836225	t	\N	\N
8e99dccf-9dce-43c6-b663-722dbcefab27	4fa0db05-161f-4165-b00c-52528866490c	\N	590fdce8-d6e8-471a-80f2-3864cb836225	t	\N	\N
66ff972d-fe17-4d8b-9252-94134f33d1b6	f7ede4ab-b52d-4f8e-9bb3-56addd842fab	Hyvää rintalihaspumppailua!	0eaa72d6-b26f-4e88-83f6-ea5067da86fa	t	GOOD	GREAT
d167a814-1915-4f2f-9c80-4d46eb9ef2fd	f8d6ffe2-7f9a-4126-9e27-9d374e3ab509	\N	59112129-45d6-4235-b579-92e2522a25a1	f	\N	\N
c6bb7eb5-09d5-458f-a6a0-f90bbc6438ce	45d76ed8-35ff-473d-b70c-92c0762d7a89	\N	59112129-45d6-4235-b579-92e2522a25a1	t	\N	\N
179640da-ec1a-4a71-a40e-7aa4b445a256	5a07f60b-4776-4160-947b-fe207b5d64e5	\N	59112129-45d6-4235-b579-92e2522a25a1	t	\N	\N
be4bbeec-242e-40a4-9160-845eb5af2049	16149225-d420-4254-88de-36f235415650	\N	f4a7e9cf-9517-4298-8105-bd53e48e58cf	t	GREAT	EXCELLENT
6beb90c1-4bdf-4780-bcf2-68c6a61ad9a6	14c62b14-21d5-468c-b04f-89d60b2efc76	Terve terve Toimiiko tämä	a9f2c498-9fa5-4af6-897d-fdb395002668	t	\N	\N
c0094014-c170-4aea-80ec-9febc63db701	44af4d28-bf42-438d-aa9b-9bf9de75b9a2	\N	a9f2c498-9fa5-4af6-897d-fdb395002668	t	\N	GOOD
91d9f474-4f29-4090-b53c-f5b6d6ee5984	a37dd7ab-82b3-41ed-b2a4-8213902dd004	\N	a9f2c498-9fa5-4af6-897d-fdb395002668	t	\N	EXCELLENT
68554b2c-a45d-4c40-a7ce-2e2b549397b9	a37dd7ab-82b3-41ed-b2a4-8213902dd004	\N	77b749a1-1322-4918-a8a3-75e5907d24c8	f	\N	\N
c7259abc-77b0-463b-87d2-4c82dc6199c9	14c62b14-21d5-468c-b04f-89d60b2efc76	\N	77b749a1-1322-4918-a8a3-75e5907d24c8	t	\N	EXCELLENT
15d89a43-2c70-42da-ad8c-49819fdf27ec	44af4d28-bf42-438d-aa9b-9bf9de75b9a2	\N	77b749a1-1322-4918-a8a3-75e5907d24c8	t	\N	GREAT
08663318-1cc5-45a7-87aa-76f513c80a53	e9969c0d-58a3-4bcd-b301-5690b7290aa5	\N	bcaee1c8-84d7-442a-8080-f8cd3b64d5c9	t	\N	\N
09f47b31-712f-456e-888e-c02b73ccaa8f	42a4fefd-c72e-4707-b0d6-14fd9bd80379	\N	bcaee1c8-84d7-442a-8080-f8cd3b64d5c9	t	\N	\N
60ac16f1-0d8c-4345-9cb9-cb492bd23daf	dadb6322-e514-4a92-b22b-ab9357a4ac32	\N	bcaee1c8-84d7-442a-8080-f8cd3b64d5c9	t	\N	\N
27009245-29e6-4b6d-a6cb-9e6914b51d64	a9fb1e6c-0ef3-4c54-99a9-3c81384b898a	\N	bcaee1c8-84d7-442a-8080-f8cd3b64d5c9	t	\N	\N
42935a5b-3b50-4c70-871f-76b3d90308e7	5323b55b-5fa9-4285-b48a-dbf0a19c3bef	\N	bcaee1c8-84d7-442a-8080-f8cd3b64d5c9	t	\N	\N
4df96f50-64e7-4af6-a995-25f3ff3df776	26d1e5d6-23ea-4577-b7d1-7a54e5e29900	\N	bcaee1c8-84d7-442a-8080-f8cd3b64d5c9	t	\N	\N
8f4aaffe-ca4a-4ae8-8bba-fb5478f3cdc1	1e2db5dd-c171-460e-bf48-4bc55f04f49e	\N	bcaee1c8-84d7-442a-8080-f8cd3b64d5c9	t	\N	\N
b2ed2d04-26df-470f-8ce4-1582789a4f2b	046a3d24-b93f-44d1-ae1b-aa628e141bae	\N	bcaee1c8-84d7-442a-8080-f8cd3b64d5c9	t	\N	\N
35ecaecf-c98c-403a-bb00-77d9dc295f1c	5a07f60b-4776-4160-947b-fe207b5d64e5	\N	590fdce8-d6e8-471a-80f2-3864cb836225	f	\N	\N
8b666902-3616-469f-94bf-f45286eb70ff	ac28c6c7-0004-4f66-9e60-a175d8f2cdb7	\N	590fdce8-d6e8-471a-80f2-3864cb836225	f	\N	\N
6554dc2e-c27c-4221-ac41-7f706bd27fd3	72a6f1b1-63cd-48fd-9aed-7fd8bd8c8ddf	\N	590fdce8-d6e8-471a-80f2-3864cb836225	f	\N	\N
52742895-5795-4427-a373-2263507e1bef	17a303e2-58b9-434a-b0e3-a3227ba197dc	\N	590fdce8-d6e8-471a-80f2-3864cb836225	t	\N	\N
c496078a-248d-4999-ac4a-970f99298b85	f8d6ffe2-7f9a-4126-9e27-9d374e3ab509	\N	590fdce8-d6e8-471a-80f2-3864cb836225	t	\N	\N
b21afe12-c405-4487-914c-6f60e3e19914	8cc39180-992f-41be-88d7-d798fc88abe0	\N	590fdce8-d6e8-471a-80f2-3864cb836225	t	\N	\N
1cbfff90-af1c-4030-ab5b-28bcc1342fd0	45d76ed8-35ff-473d-b70c-92c0762d7a89	\N	590fdce8-d6e8-471a-80f2-3864cb836225	t	\N	\N
48f8dd8c-6c87-4154-9fd7-08ddd6edfe66	55d97917-9df6-48ee-9afe-cbbfa0fe1796	\N	590fdce8-d6e8-471a-80f2-3864cb836225	t	\N	\N
db4612a0-ae97-449b-97d1-66119e080e66	cac00e26-1bd0-47c3-b2a8-4eb754562d6d	\N	590fdce8-d6e8-471a-80f2-3864cb836225	t	\N	\N
6ca6098f-f931-4611-80ee-bef8b2585640	08d712ee-e2bc-4ca6-9660-fa986c4c4158	\N	590fdce8-d6e8-471a-80f2-3864cb836225	t	\N	\N
5bd36e84-e7ce-4082-8c7b-6ba2ef1e753d	5e8a31cb-3ca8-4d0d-9489-dc20d318827b	\N	590fdce8-d6e8-471a-80f2-3864cb836225	t	\N	\N
4f55fa6a-9846-40f4-ad2d-82d7fc85aff0	d4a4ffc6-fd8b-45ae-82a2-f49d61729300	\N	590fdce8-d6e8-471a-80f2-3864cb836225	t	\N	\N
a2b32950-9c74-4a7d-92a5-3363cdeecaab	7131d54d-4686-4ca4-8a4f-cf090eaa7d5e	\N	590fdce8-d6e8-471a-80f2-3864cb836225	t	\N	\N
f7760ee5-421c-40cb-b467-33ad33f1c4b4	8f2c8d2d-5ffd-42ae-abd0-cce3cddc1dff	\N	590fdce8-d6e8-471a-80f2-3864cb836225	t	\N	\N
db68f2bf-264b-42e7-af2b-0a397e14c181	9a8e559f-1792-4dbf-b515-2bff3261aaf6	\N	590fdce8-d6e8-471a-80f2-3864cb836225	t	\N	\N
093ebbe3-f64c-4692-a061-5cefce19dc9d	acc6bd27-98a0-466b-905a-49ce14893164	\N	c051a687-6906-40ae-ac84-8be73bac41dd	t	\N	\N
d2f7c8bc-dbb0-4023-b734-6ad5d051e5ea	75781560-0e76-47c3-aee8-b609c8a531ba	\N	c051a687-6906-40ae-ac84-8be73bac41dd	f	\N	\N
d481cc7b-d431-45e4-adb8-4a2df71a908a	c1bc0aad-ed6e-413f-b8e1-f17caf5503f5	\N	c051a687-6906-40ae-ac84-8be73bac41dd	t	\N	\N
bbd7f26e-6b83-4bff-9e03-e1fac2fa1b3e	b3cd0e7a-76cc-4a81-adfa-3fcb8259ce93	\N	c051a687-6906-40ae-ac84-8be73bac41dd	t	\N	\N
400a2fc4-56e9-4d67-9571-e8a4a700087d	fa6f162f-c93d-497c-b27b-9a6450a4a6ad	\N	5ce16688-56df-465d-bfb4-04d94f86a484	t	GOOD	GREAT
3fda7df8-e6fa-4261-ad53-576371883796	c942743a-d10b-4460-bc99-44ea941f6f8f	\N	8c1fb18f-3e3f-4dd5-915e-91232a2d6845	t	GREAT	GREAT
fbaa36a9-02d7-4a00-8041-a8e2b9e19a82	e71cd959-78a0-4843-af83-1e8e741e7edf	Työskentelit muita kunnioittavasti	8c1fb18f-3e3f-4dd5-915e-91232a2d6845	t	GOOD	EXCELLENT
f0449e8b-a81f-43ad-9993-589aa68450b4	05c4f013-bc9a-4155-925b-6f8485bb5378	\N	8c1fb18f-3e3f-4dd5-915e-91232a2d6845	t	FAIR	GOOD
1a39769a-3c56-4b43-99f4-4e703cd60549	5bbc08f9-01e0-4911-9a6a-38790219ce2a	\N	8c1fb18f-3e3f-4dd5-915e-91232a2d6845	t	GOOD	FAIR
10ee5716-1c23-4bb9-9b34-b8644cf6b9a9	e1efe28e-64c5-402b-a692-0f795a6293c8	\N	8c1fb18f-3e3f-4dd5-915e-91232a2d6845	t	GOOD	GOOD
13288374-b9de-4d47-9f4d-3054e092b11c	148a28ac-012b-44c4-b684-87a00ace9c72	\N	8c1fb18f-3e3f-4dd5-915e-91232a2d6845	t	GREAT	EXCELLENT
d83fca3b-be2a-43d4-a5a4-3cb7ba71cbbe	f4fc8254-27a5-4a0d-aca1-03b85e4020ab	\N	8c1fb18f-3e3f-4dd5-915e-91232a2d6845	t	FAIR	GOOD
627ded6d-fcce-4b5d-b3a9-922dcaf45f7a	a639981f-4bf0-4871-b264-00ad02a9a286	\N	8c1fb18f-3e3f-4dd5-915e-91232a2d6845	t	EXCELLENT	FAIR
d85a77b8-cffb-47f8-b77c-d234d60b4bca	af2c74f6-f7ed-4bf3-94cd-63b0d228dd6f	\N	8c1fb18f-3e3f-4dd5-915e-91232a2d6845	t	GOOD	GOOD
d378be3b-9f97-47bb-b46b-14f9d763a924	c67dd576-d4c0-4d3d-82ec-9e20e69c629e	\N	8c1fb18f-3e3f-4dd5-915e-91232a2d6845	t	GREAT	GREAT
db54fa3d-7165-4c4e-815b-5c7fb51ac714	36920386-dc0f-4b52-aacc-ca4b36d3ac9b	Työskentelit muita kunnioittavasti	8c1fb18f-3e3f-4dd5-915e-91232a2d6845	t	GREAT	EXCELLENT
0114aa9c-5d99-4ee9-897a-2744989255c6	bde08c48-5140-47eb-b28b-ce5c86ea8f46	\N	8c1fb18f-3e3f-4dd5-915e-91232a2d6845	t	EXCELLENT	GREAT
758497cd-8df7-43bf-83b6-6d397d717669	f03779c1-9d87-439c-8d95-14e384c7d2c0	Työskentelit hienosti, etkä antanut muiden huonon työskentelyn vaikuttaa omaasi	8c1fb18f-3e3f-4dd5-915e-91232a2d6845	t	GOOD	GREAT
b8f901fc-366f-42aa-99ab-49560898d897	9b14ff5e-b7da-446f-bf7b-601d7a7a5a86	\N	8c1fb18f-3e3f-4dd5-915e-91232a2d6845	t	GOOD	GREAT
c18c83f6-cfad-4e20-8272-0aef83224068	cbffcbc6-7d16-4e3b-845d-0f0397dcca9e	\N	8c1fb18f-3e3f-4dd5-915e-91232a2d6845	t	GREAT	GREAT
4e109d23-ad72-4d49-a1fe-2d167cc22b84	932b4426-7f6d-46ff-a9c4-a9fc697ddc23	Käsittelit välineitä hienosti, mutta keskity tulevaisuudessa paremmin työskentelyyn, vaikka tunnin aihe ei ole kiinnostavin	8c1fb18f-3e3f-4dd5-915e-91232a2d6845	t	EXCELLENT	GOOD
a70ba233-838d-4f62-b8d1-2be61f4bc04e	14c62b14-21d5-468c-b04f-89d60b2efc76	\N	dda6bf2e-e54b-4d84-b5f4-991ebe0e3c89	t	GOOD	GREAT
9722fcae-979c-4099-8205-97c6ada8230e	44af4d28-bf42-438d-aa9b-9bf9de75b9a2	\N	dda6bf2e-e54b-4d84-b5f4-991ebe0e3c89	t	GOOD	GREAT
15ab15ee-d668-4f74-9eea-ee481c8cac2b	a37dd7ab-82b3-41ed-b2a4-8213902dd004	\N	dda6bf2e-e54b-4d84-b5f4-991ebe0e3c89	t	FAIR	GOOD
3a06715b-cd98-4c4f-98b9-fb37873dd884	44af4d28-bf42-438d-aa9b-9bf9de75b9a2	\N	1966f8dd-9773-4d94-a99b-f078a09f06f9	f	\N	\N
0762742d-3c60-4493-b7ca-897c99267bf9	14c62b14-21d5-468c-b04f-89d60b2efc76	Terve	1966f8dd-9773-4d94-a99b-f078a09f06f9	t	FAIR	GOOD
55b73435-8f7b-43d6-8ac7-98de1f120787	a37dd7ab-82b3-41ed-b2a4-8213902dd004	Moimoi	1966f8dd-9773-4d94-a99b-f078a09f06f9	t	GOOD	GREAT
2593ebba-ba49-4ea3-a2d7-90b6d59aee4d	4cdb20f7-d8a7-480c-9379-bbe14d95d933	\N	f4a7e9cf-9517-4298-8105-bd53e48e58cf	f	\N	\N
a7f71f7e-9531-44c6-9316-35c6300ed75d	143f673e-f9e3-4c24-a7b2-6f7c9ee22499	\N	f4a7e9cf-9517-4298-8105-bd53e48e58cf	t	GOOD	GOOD
f8c8e418-059f-42c9-a3bd-e831fcd03a98	1da042e5-4175-4c5e-b1e1-044b2c67c3af	\N	f4a7e9cf-9517-4298-8105-bd53e48e58cf	t	GREAT	EXCELLENT
1d6bd721-055a-4fe1-8fa0-30d77583d53f	eb96e883-bf2d-4482-b8c9-6d272ee35354	\N	f4a7e9cf-9517-4298-8105-bd53e48e58cf	t	GREAT	GREAT
4f0833a0-4d51-4d31-a29c-482507f5ea0b	5f2d8cba-c89d-4dee-b204-911a7f658599	\N	f4a7e9cf-9517-4298-8105-bd53e48e58cf	t	GOOD	GREAT
3b121ad1-13f9-4d6c-8cc7-b61e2cc46c7a	41403fd8-289f-42b0-8d4f-4f8f2d47898d	\N	f4a7e9cf-9517-4298-8105-bd53e48e58cf	t	EXCELLENT	GREAT
be9472a2-2c45-407a-a685-100ad2d64422	898eaa06-334f-4446-98b3-2368ad2b6cef	\N	f4a7e9cf-9517-4298-8105-bd53e48e58cf	t	GOOD	GOOD
98cd0a8f-7ef8-4f15-a8f6-aa8d973ef855	052654dc-bfba-4092-85d4-6894c908f9b1	\N	f4a7e9cf-9517-4298-8105-bd53e48e58cf	t	EXCELLENT	GREAT
75aa57bd-eb9e-4e4f-a066-1522e095c1d4	a9823635-cc6a-4026-ad85-423287d7ec49	\N	f4a7e9cf-9517-4298-8105-bd53e48e58cf	t	GREAT	GREAT
a92dcf95-74e4-4556-83f6-418089ea8b98	b015f02b-0e21-4f21-93d4-8497311b6490	\N	f4a7e9cf-9517-4298-8105-bd53e48e58cf	t	GOOD	GREAT
e5e609a8-b7eb-4f11-8fe2-ec08362b9ce5	82907cc5-83bb-4c40-ac86-66a67bc9f5eb	\N	f4a7e9cf-9517-4298-8105-bd53e48e58cf	t	GOOD	EXCELLENT
860c8d07-9341-4fae-be8c-022bb7f2d770	13e55cbe-ac55-47e1-b4d0-cc80073762e4	\N	f4a7e9cf-9517-4298-8105-bd53e48e58cf	t	GREAT	EXCELLENT
b028d562-16a0-4106-a949-15ba057f4c1d	67c02902-d7e2-47e1-abef-9d1ae14a3da5	\N	4029717a-ba95-4c26-abfe-453df2616d81	t	GOOD	GREAT
efc403c9-6cfb-4e3d-8817-029e5619c500	9bdfa82d-13bd-40be-9a9b-a57c2a072351	Härväilyä välillä	4029717a-ba95-4c26-abfe-453df2616d81	t	GREAT	GOOD
67dfe342-daa0-4498-a7e2-3873da69c6ce	e9969c0d-58a3-4bcd-b301-5690b7290aa5	\N	a5fa9792-b348-44fd-8ee8-e57e10c8955c	t	\N	\N
3665328e-b93c-4119-a51e-8b6fe746a9ca	42a4fefd-c72e-4707-b0d6-14fd9bd80379	\N	a5fa9792-b348-44fd-8ee8-e57e10c8955c	t	GOOD	GREAT
8ed27396-8b6f-4e4a-853b-6ad729b30612	dadb6322-e514-4a92-b22b-ab9357a4ac32	\N	a5fa9792-b348-44fd-8ee8-e57e10c8955c	t	GREAT	GREAT
ae2296ab-e95f-4a27-8ece-cfdb667f65f4	a9fb1e6c-0ef3-4c54-99a9-3c81384b898a	\N	a5fa9792-b348-44fd-8ee8-e57e10c8955c	t	GREAT	GREAT
e15699b8-1f0b-47a3-be30-d53812bde9f9	5323b55b-5fa9-4285-b48a-dbf0a19c3bef	\N	a5fa9792-b348-44fd-8ee8-e57e10c8955c	t	GREAT	GREAT
e91f3106-b1e4-46ce-8f45-2afc8a4378c4	26d1e5d6-23ea-4577-b7d1-7a54e5e29900	\N	a5fa9792-b348-44fd-8ee8-e57e10c8955c	t	EXCELLENT	GREAT
13ba203e-fb96-41e3-85bc-419d4a074065	1e2db5dd-c171-460e-bf48-4bc55f04f49e	Vähän härväilyä	a5fa9792-b348-44fd-8ee8-e57e10c8955c	t	GOOD	GREAT
afc8f302-ba94-4625-a513-b256fac67b61	046a3d24-b93f-44d1-ae1b-aa628e141bae	\N	a5fa9792-b348-44fd-8ee8-e57e10c8955c	t	GREAT	GOOD
2c27d290-b510-4de0-b22b-ec8a5b0dda28	404347be-f571-4254-b055-a06e9a9962f9	\N	a5fa9792-b348-44fd-8ee8-e57e10c8955c	t	GOOD	GREAT
fb1c4fa8-d48e-4906-97e0-85863eec6efc	686241e9-7a4e-4eb6-bc99-26699999001b	\N	a5fa9792-b348-44fd-8ee8-e57e10c8955c	t	GOOD	GOOD
d82e9ada-3b53-4156-a86f-ddd24f77f603	2e03b196-3248-4f14-9f2d-4661e503665d	\N	a5fa9792-b348-44fd-8ee8-e57e10c8955c	t	GOOD	GOOD
9ecdddee-5c0e-4e3f-86cd-66b7dd622ce2	b9266745-39ba-4be3-b1a1-421801b79832	\N	a5fa9792-b348-44fd-8ee8-e57e10c8955c	t	GREAT	GREAT
e61d9757-cfa5-49b0-8318-8b51bafe94a7	799b59e5-c962-4f19-9f9d-01518c57a550	\N	a5fa9792-b348-44fd-8ee8-e57e10c8955c	t	GREAT	GREAT
d63d9341-3197-44dd-8ea3-d9b398002125	74e88236-472e-41ea-9475-73c94489ae2e	\N	a5fa9792-b348-44fd-8ee8-e57e10c8955c	t	GOOD	GREAT
ab24c379-ce57-4ec1-a748-7333cf81052f	6ebad098-c9d7-4dd2-8e64-6dd6d0d5d859	\N	a5fa9792-b348-44fd-8ee8-e57e10c8955c	t	GOOD	GREAT
ef53f1e7-0c46-403f-8da4-2d68a04489bc	2209c4b3-b0d6-4858-9fa0-74c9b589442c	\N	a5fa9792-b348-44fd-8ee8-e57e10c8955c	t	GREAT	GREAT
f51b3c8b-7984-49ab-bfbb-ad9f158e1382	4943ad21-7f08-4b45-8d6c-7cccbfb05562	\N	a5fa9792-b348-44fd-8ee8-e57e10c8955c	t	GOOD	GREAT
35ab72bf-63ab-4aa8-b71f-fc8c75359cbe	5e8a31cb-3ca8-4d0d-9489-dc20d318827b	\N	59112129-45d6-4235-b579-92e2522a25a1	f	\N	\N
7c7825ad-bc2d-401d-9a32-96162422bb0b	3e6e5df9-5dfa-4ca7-9a45-d715cff22c70	\N	59112129-45d6-4235-b579-92e2522a25a1	t	EXCELLENT	GOOD
a5cff5c2-5fb8-4489-9d46-307065069239	17a303e2-58b9-434a-b0e3-a3227ba197dc	Otit muut huomioon hyvin	59112129-45d6-4235-b579-92e2522a25a1	t	\N	\N
d9c8ef74-416c-4c97-b784-12f396a5f32b	8cc39180-992f-41be-88d7-d798fc88abe0	\N	59112129-45d6-4235-b579-92e2522a25a1	t	\N	\N
cfa62f2e-27f8-4e25-af80-3bf678d31586	55d97917-9df6-48ee-9afe-cbbfa0fe1796	\N	59112129-45d6-4235-b579-92e2522a25a1	t	\N	\N
2f7845b8-3919-409f-9698-ef929d72c1e9	cac00e26-1bd0-47c3-b2a8-4eb754562d6d	\N	59112129-45d6-4235-b579-92e2522a25a1	t	\N	\N
5bd722f5-cf57-4828-888d-2f05ba70df95	08d712ee-e2bc-4ca6-9660-fa986c4c4158	\N	59112129-45d6-4235-b579-92e2522a25a1	t	\N	\N
2ddb9d87-a806-4298-9d7e-3468f013cc77	ac28c6c7-0004-4f66-9e60-a175d8f2cdb7	\N	59112129-45d6-4235-b579-92e2522a25a1	t	\N	\N
2a3eb234-db12-4599-9ab2-eb6db6fb5f49	d4a4ffc6-fd8b-45ae-82a2-f49d61729300	\N	59112129-45d6-4235-b579-92e2522a25a1	t	\N	\N
66f1d59d-0c1e-4fba-9c33-ef1e6d6e4615	72a6f1b1-63cd-48fd-9aed-7fd8bd8c8ddf	\N	59112129-45d6-4235-b579-92e2522a25a1	t	\N	\N
7e1234ab-e100-4fc9-9fc5-20f2e54b8366	7131d54d-4686-4ca4-8a4f-cf090eaa7d5e	\N	59112129-45d6-4235-b579-92e2522a25a1	t	\N	\N
792292ef-24d8-476b-9395-c845203a9ee9	8f2c8d2d-5ffd-42ae-abd0-cce3cddc1dff	\N	59112129-45d6-4235-b579-92e2522a25a1	t	\N	\N
1cc9cec2-a9a8-4637-950a-ccdc3fe15878	9a8e559f-1792-4dbf-b515-2bff3261aaf6	\N	59112129-45d6-4235-b579-92e2522a25a1	t	\N	\N
a16f7034-d9c6-4435-b9b3-e7b62e7640df	789e18c3-638d-4651-be65-ec0a1661539f	\N	2e4bb8b8-eac7-4e18-9e4a-fce545f8899b	t	\N	\N
f36fbc9a-5783-4c1c-a949-67b13601501c	3e6e5df9-5dfa-4ca7-9a45-d715cff22c70	\N	2e4bb8b8-eac7-4e18-9e4a-fce545f8899b	t	\N	\N
5e505c1a-c254-46fe-b83c-1f6cc2d57ce3	a722bd23-2313-44d9-a0c6-82a5270900a8	\N	2e4bb8b8-eac7-4e18-9e4a-fce545f8899b	t	\N	\N
484fa2b1-f3a6-489a-82fb-b44e5946b1ce	4fa0db05-161f-4165-b00c-52528866490c	\N	2e4bb8b8-eac7-4e18-9e4a-fce545f8899b	t	\N	\N
5c264f11-58fe-4304-a513-e87ce43feb64	d77c55c5-670a-4bc5-bf46-5ff9662077f6	\N	2e4bb8b8-eac7-4e18-9e4a-fce545f8899b	f	\N	\N
8837edd8-3977-4084-82cf-310e8fc7e66f	dc2a0312-bdaf-45d4-b3a4-9c3216012e4b	\N	2e4bb8b8-eac7-4e18-9e4a-fce545f8899b	t	\N	\N
97541a9d-44b4-497e-a419-eab902db2c2a	17a303e2-58b9-434a-b0e3-a3227ba197dc	\N	2e4bb8b8-eac7-4e18-9e4a-fce545f8899b	t	\N	\N
8a24dfa8-ccf9-4301-ba62-01717080b3ed	f8d6ffe2-7f9a-4126-9e27-9d374e3ab509	\N	2e4bb8b8-eac7-4e18-9e4a-fce545f8899b	t	\N	\N
67a07064-76e1-4a3c-9b75-339d40d3cad2	8cc39180-992f-41be-88d7-d798fc88abe0	\N	2e4bb8b8-eac7-4e18-9e4a-fce545f8899b	t	\N	\N
4ea65752-5fb6-4c4e-ac24-8c04efadd07f	45d76ed8-35ff-473d-b70c-92c0762d7a89	\N	2e4bb8b8-eac7-4e18-9e4a-fce545f8899b	t	\N	\N
dbd740d3-4bcb-465b-8475-bdfcf8987acd	5a07f60b-4776-4160-947b-fe207b5d64e5	\N	2e4bb8b8-eac7-4e18-9e4a-fce545f8899b	t	\N	\N
0c7c4262-749a-44b6-a96d-3111fc572ed4	55d97917-9df6-48ee-9afe-cbbfa0fe1796	\N	2e4bb8b8-eac7-4e18-9e4a-fce545f8899b	f	\N	\N
48401f30-20d7-41cb-93ae-a1a855072531	cac00e26-1bd0-47c3-b2a8-4eb754562d6d	\N	2e4bb8b8-eac7-4e18-9e4a-fce545f8899b	t	\N	\N
fe6fe73a-ab2f-4477-a5cc-51a22986a7e1	08d712ee-e2bc-4ca6-9660-fa986c4c4158	\N	2e4bb8b8-eac7-4e18-9e4a-fce545f8899b	t	\N	\N
9f8cba1c-7ada-42dc-b396-e96d17126358	ac28c6c7-0004-4f66-9e60-a175d8f2cdb7	\N	2e4bb8b8-eac7-4e18-9e4a-fce545f8899b	f	\N	\N
4bbbcd65-30c8-4773-9b8a-1cc6655b616e	5e8a31cb-3ca8-4d0d-9489-dc20d318827b	\N	2e4bb8b8-eac7-4e18-9e4a-fce545f8899b	t	\N	\N
3fb11855-9981-47f0-a546-1bf48888e38b	d4a4ffc6-fd8b-45ae-82a2-f49d61729300	\N	2e4bb8b8-eac7-4e18-9e4a-fce545f8899b	t	\N	\N
2dcfbe7b-66bc-48dd-91cf-ba0808560ed3	72a6f1b1-63cd-48fd-9aed-7fd8bd8c8ddf	\N	2e4bb8b8-eac7-4e18-9e4a-fce545f8899b	t	\N	\N
55ab0175-f71c-436e-b237-ea4d221c351a	7131d54d-4686-4ca4-8a4f-cf090eaa7d5e	\N	2e4bb8b8-eac7-4e18-9e4a-fce545f8899b	t	\N	\N
810247b1-1cdf-4e2c-92f2-ddb020a2d328	8f2c8d2d-5ffd-42ae-abd0-cce3cddc1dff	\N	2e4bb8b8-eac7-4e18-9e4a-fce545f8899b	t	\N	\N
f6fabf78-b309-4492-ba8c-78117b0524ec	9a8e559f-1792-4dbf-b515-2bff3261aaf6	\N	2e4bb8b8-eac7-4e18-9e4a-fce545f8899b	t	\N	\N
0e6a6f16-bad2-47b6-afad-ef4625586de7	e9969c0d-58a3-4bcd-b301-5690b7290aa5	\N	598aa503-e92b-44e2-9eda-b8dd22dff167	t	\N	\N
026bd550-b66a-450e-94cc-c2cb1af90205	42a4fefd-c72e-4707-b0d6-14fd9bd80379	\N	598aa503-e92b-44e2-9eda-b8dd22dff167	f	\N	\N
f15407e0-069a-4e39-aa30-2e3a0c546ff4	dadb6322-e514-4a92-b22b-ab9357a4ac32	\N	598aa503-e92b-44e2-9eda-b8dd22dff167	t	\N	\N
ff71751f-b3e2-490a-ac0c-ed09c2166521	a9fb1e6c-0ef3-4c54-99a9-3c81384b898a	\N	598aa503-e92b-44e2-9eda-b8dd22dff167	t	\N	\N
fd221a05-46eb-4cd3-bc22-28c61c5c18d6	5323b55b-5fa9-4285-b48a-dbf0a19c3bef	\N	598aa503-e92b-44e2-9eda-b8dd22dff167	t	\N	\N
831eb762-39d9-40e7-a7d2-316f3e1112c6	26d1e5d6-23ea-4577-b7d1-7a54e5e29900	\N	598aa503-e92b-44e2-9eda-b8dd22dff167	t	\N	\N
1acd77c1-5c8c-4374-8ba7-38eb056b7fd2	1e2db5dd-c171-460e-bf48-4bc55f04f49e	\N	598aa503-e92b-44e2-9eda-b8dd22dff167	t	\N	\N
170c60c3-4e09-4e03-a6f7-4f025dca9a0f	046a3d24-b93f-44d1-ae1b-aa628e141bae	\N	598aa503-e92b-44e2-9eda-b8dd22dff167	t	\N	\N
8644c149-9ab5-4e6c-b982-b9f5d8f69a7d	404347be-f571-4254-b055-a06e9a9962f9	\N	598aa503-e92b-44e2-9eda-b8dd22dff167	f	\N	\N
d4695902-aa45-433e-b9d8-dd80cf0b9aa8	686241e9-7a4e-4eb6-bc99-26699999001b	\N	598aa503-e92b-44e2-9eda-b8dd22dff167	t	\N	\N
6c16a3ec-f904-4a8b-af5a-87a5a606eff7	2e03b196-3248-4f14-9f2d-4661e503665d	\N	598aa503-e92b-44e2-9eda-b8dd22dff167	t	\N	\N
88379646-f2e7-4117-98b5-66083e6fc163	b9266745-39ba-4be3-b1a1-421801b79832	\N	598aa503-e92b-44e2-9eda-b8dd22dff167	t	\N	\N
1b81b2d9-9ef0-4c24-bce3-55e6951c9d36	799b59e5-c962-4f19-9f9d-01518c57a550	\N	598aa503-e92b-44e2-9eda-b8dd22dff167	f	\N	\N
ea7cc634-cae7-4406-8e94-78df9417f91d	74e88236-472e-41ea-9475-73c94489ae2e	\N	598aa503-e92b-44e2-9eda-b8dd22dff167	t	\N	\N
4691e4b7-694e-4373-ba15-0bb579724b06	6ebad098-c9d7-4dd2-8e64-6dd6d0d5d859	\N	598aa503-e92b-44e2-9eda-b8dd22dff167	t	\N	\N
c57b354f-fb20-4934-8571-384894fdbafc	2209c4b3-b0d6-4858-9fa0-74c9b589442c	\N	598aa503-e92b-44e2-9eda-b8dd22dff167	t	\N	\N
463a2f19-39f0-48a8-a286-cc14925c154a	4943ad21-7f08-4b45-8d6c-7cccbfb05562	\N	598aa503-e92b-44e2-9eda-b8dd22dff167	t	\N	\N
da959283-9546-4ce8-af18-cc631055a73f	0819eeb9-9a87-40ba-8f9a-45cacf4a2d18	\N	598aa503-e92b-44e2-9eda-b8dd22dff167	t	\N	\N
4a9c2623-6581-49b7-a1d3-bd93f3e1bc3c	bcdcfdce-bc43-43af-88b2-ce2f79d40da0	\N	51983e05-c043-4a3e-8998-9f4c032cdf86	f	\N	\N
c02892ca-07bd-496d-8b68-3d074b89f50c	7c3affe4-d2a3-4620-907f-abc411bd5534	\N	51983e05-c043-4a3e-8998-9f4c032cdf86	f	\N	\N
cfb67864-70d3-465d-9a3f-4d29f5e06157	6bc63090-ea58-4189-b5d1-cba135d9da2b	\N	51983e05-c043-4a3e-8998-9f4c032cdf86	f	\N	\N
fd6a0a27-3d7d-4ced-8363-28a9f56cd8da	d21c58bf-a09d-4a2e-ab5f-131a3233f6ba	\N	51983e05-c043-4a3e-8998-9f4c032cdf86	f	\N	\N
d5947cee-4762-4494-a941-d840d518da9a	803c9cfd-c665-452f-9cf4-1315a875fa0e	Puolikuntoisena. Teki mindfullnesia ja venytteli mukana.	51983e05-c043-4a3e-8998-9f4c032cdf86	t	GOOD	GREAT
1ca5362e-d911-4047-8630-4a0adcb653f4	545958d4-a061-46c0-a58b-e814f2864886	\N	51983e05-c043-4a3e-8998-9f4c032cdf86	t	GREAT	GREAT
3a177b8a-d234-45cd-916c-9162ac4d146e	e5570e54-941f-4e8b-b7de-f2dd3d7662e2	\N	51983e05-c043-4a3e-8998-9f4c032cdf86	t	GREAT	GREAT
3b19a51f-aa4e-44cb-8ea4-d04d8a29fbd6	f37fb196-de25-4ea8-a1ff-280491ef3865	\N	51983e05-c043-4a3e-8998-9f4c032cdf86	t	GOOD	EXCELLENT
c7381146-567d-40e4-b032-c4da0c71a616	7f64f516-bdbd-490a-9d83-6625c9834929	\N	51983e05-c043-4a3e-8998-9f4c032cdf86	t	GREAT	EXCELLENT
6796ca44-6c52-452d-a1b3-1aefcc06324d	3a817706-c52d-4a77-8f87-68ef4514aef9	\N	51983e05-c043-4a3e-8998-9f4c032cdf86	t	GOOD	GREAT
bc058bb2-e867-4ded-9dbb-fbb7ae60d560	d9dd649b-f9bf-4670-84ea-a102fc16cfcc	\N	51983e05-c043-4a3e-8998-9f4c032cdf86	t	GOOD	GREAT
6925dba9-ab22-4963-b595-60c41e8722d4	8597552c-2527-4294-8a08-56d47b563b33	\N	51983e05-c043-4a3e-8998-9f4c032cdf86	t	GOOD	GOOD
198965ae-b5ee-448e-863a-93a61291d629	34f18910-a0db-4e48-8129-8416b575d22b	\N	51983e05-c043-4a3e-8998-9f4c032cdf86	t	GOOD	GREAT
50c1ad69-cf76-4253-9525-929a5775015e	671ee4af-e36d-437d-b3ec-bee0179c96c4	\N	51983e05-c043-4a3e-8998-9f4c032cdf86	t	GOOD	GREAT
4155cb37-085c-4460-b4fa-c50ad052ff79	98160f96-0d06-40e7-9e12-1c1ad90442fd	\N	51983e05-c043-4a3e-8998-9f4c032cdf86	t	GOOD	GOOD
7ec04326-b8a1-4b43-b296-27994c8428b7	7b45664d-caff-4e11-a717-7c3e2e1ed7f7	\N	51983e05-c043-4a3e-8998-9f4c032cdf86	t	GOOD	GOOD
23532260-247f-4914-bb0a-1ca22c539afc	dc2469d2-1c1d-499c-bb3c-ff061b70307d	\N	51983e05-c043-4a3e-8998-9f4c032cdf86	t	GREAT	EXCELLENT
089ef49f-0cc9-4424-bc3e-92aba268941a	f2cd6a55-4291-4848-a66e-36d096f181c4	\N	51983e05-c043-4a3e-8998-9f4c032cdf86	t	GOOD	GOOD
6f132ebe-7675-4569-8641-dec720a8f6a0	9ffd35f9-d869-4406-aa8c-cf60cbc47830	\N	51983e05-c043-4a3e-8998-9f4c032cdf86	t	GREAT	GREAT
13bbc52a-5a68-4cff-9b07-25ce1d5d49c4	d6b3db8b-50e7-4a6c-8ed2-2247a659a3a9	\N	51983e05-c043-4a3e-8998-9f4c032cdf86	t	GREAT	GREAT
2b86c8dd-f2a6-4385-8e97-d19666b78cc6	a17ec781-f403-45b7-b1a2-2ad88dc2038e	\N	51983e05-c043-4a3e-8998-9f4c032cdf86	t	GREAT	GREAT
286a9d4e-60dc-4247-814b-a7e72492cac9	f71a7e38-187d-4dfb-823d-f959158a971f	\N	51983e05-c043-4a3e-8998-9f4c032cdf86	t	GOOD	GREAT
0734127e-0def-435b-b484-d296bfeb9427	165e6b48-6ffc-498b-a9c4-aac0d7a14fe2	\N	51983e05-c043-4a3e-8998-9f4c032cdf86	t	GREAT	GREAT
91e63dd6-6f99-40b0-b938-e6d9e78cc96e	fa6f162f-c93d-497c-b27b-9a6450a4a6ad	Hyvä tunti, ok työskentelyä ja pallon heitto sujui melko hyvin	7a43853a-3729-48b6-83ff-bd9f21a4a9c9	t	GOOD	GOOD
a1a26c99-a421-4aa1-ab27-7849367eb5e2	f925429c-08cc-4cba-b5d4-d63ccf818c49	\N	7a43853a-3729-48b6-83ff-bd9f21a4a9c9	t	GOOD	GOOD
02e1a29a-2b79-45ed-9b72-32f8196e026c	fa6f162f-c93d-497c-b27b-9a6450a4a6ad	Hieman levoton tunti, lähti mukaan muiden pelleilyihin ja ei oikein keskittynyt tuntiin.\n\n	6216742f-6ee1-4b07-bb6c-8ce031ede1dd	t	GOOD	FAIR
b708fc38-99aa-40a2-8c82-02ead8be4bf5	f925429c-08cc-4cba-b5d4-d63ccf818c49	\N	6216742f-6ee1-4b07-bb6c-8ce031ede1dd	t	GOOD	GOOD
1d4ac376-d0e6-4fb3-b916-1e69d6c39b2d	fa6f162f-c93d-497c-b27b-9a6450a4a6ad	Keskittyminen ei mallikkainta, mutta taidot sujuivat oikein hyvin.	c854e589-492b-4b38-97fe-1c8717aa68ac	t	GREAT	FAIR
0740ee4f-ccd3-4824-a5d1-d0c28ae11d1b	f925429c-08cc-4cba-b5d4-d63ccf818c49	\N	c854e589-492b-4b38-97fe-1c8717aa68ac	t	\N	\N
a8ec1648-5cef-4866-b75b-4c72be63590b	fa6f162f-c93d-497c-b27b-9a6450a4a6ad	Mahtavaa työskentelyä. Avitti muitakin oppilaita keillä pallo ei pysynyt niin hyvin hallinnassa ja yleisesti levitti hyvää ilmapiiriä tunnilla	bca98182-4fea-4c2b-b829-6745f99e0321	t	GREAT	EXCELLENT
d5d634d4-2066-484f-b232-e221f284b6a9	f925429c-08cc-4cba-b5d4-d63ccf818c49	\N	bca98182-4fea-4c2b-b829-6745f99e0321	t	GREAT	GREAT
799804b5-e434-4334-8724-de0c446cd1b2	e9969c0d-58a3-4bcd-b301-5690b7290aa5	\N	d9b24ed1-04ba-4bbf-96f6-cc0db42ae882	t	\N	\N
6b4083a5-7d9d-46d9-83b7-8dfce7b12a67	42a4fefd-c72e-4707-b0d6-14fd9bd80379	\N	d9b24ed1-04ba-4bbf-96f6-cc0db42ae882	t	\N	\N
16221ded-e297-4bd4-bf3f-ca4bac170fca	dadb6322-e514-4a92-b22b-ab9357a4ac32	\N	d9b24ed1-04ba-4bbf-96f6-cc0db42ae882	t	\N	\N
cbd5228e-071b-4cf1-81ae-954ce4aeaa68	a9fb1e6c-0ef3-4c54-99a9-3c81384b898a	\N	d9b24ed1-04ba-4bbf-96f6-cc0db42ae882	t	\N	\N
0ed137f4-7c63-4544-a109-24d7b5d42af7	5323b55b-5fa9-4285-b48a-dbf0a19c3bef	\N	d9b24ed1-04ba-4bbf-96f6-cc0db42ae882	t	\N	\N
0513b2c5-d151-4323-8ecd-1b3136093314	26d1e5d6-23ea-4577-b7d1-7a54e5e29900	\N	d9b24ed1-04ba-4bbf-96f6-cc0db42ae882	t	\N	\N
d9df3e92-d6c6-44fa-955c-cc4fef1afc90	1e2db5dd-c171-460e-bf48-4bc55f04f49e	\N	d9b24ed1-04ba-4bbf-96f6-cc0db42ae882	t	\N	\N
3e95a54e-3e0b-4ac1-b4e3-992a9b1dc152	046a3d24-b93f-44d1-ae1b-aa628e141bae	\N	d9b24ed1-04ba-4bbf-96f6-cc0db42ae882	t	\N	\N
1a8f3053-a4a3-4430-b4b4-6b8e92219b17	404347be-f571-4254-b055-a06e9a9962f9	\N	d9b24ed1-04ba-4bbf-96f6-cc0db42ae882	f	\N	\N
07c36c33-d55c-4159-a373-cdb576f7fb88	686241e9-7a4e-4eb6-bc99-26699999001b	\N	d9b24ed1-04ba-4bbf-96f6-cc0db42ae882	t	\N	\N
dd245098-5b4d-48b6-9d5f-add192f8df24	2e03b196-3248-4f14-9f2d-4661e503665d	\N	d9b24ed1-04ba-4bbf-96f6-cc0db42ae882	f	\N	\N
90ec30f4-52d2-4ed7-8321-421930586fed	b9266745-39ba-4be3-b1a1-421801b79832	\N	d9b24ed1-04ba-4bbf-96f6-cc0db42ae882	f	\N	\N
2435704d-f9f6-4c7a-bd82-67cdb0dde505	799b59e5-c962-4f19-9f9d-01518c57a550	\N	d9b24ed1-04ba-4bbf-96f6-cc0db42ae882	t	\N	\N
5664961f-572e-41c0-8fde-e0e5da2e6372	74e88236-472e-41ea-9475-73c94489ae2e	\N	d9b24ed1-04ba-4bbf-96f6-cc0db42ae882	t	\N	\N
91b4fe7c-c1ed-4245-a008-be47c26f1d5a	6ebad098-c9d7-4dd2-8e64-6dd6d0d5d859	\N	d9b24ed1-04ba-4bbf-96f6-cc0db42ae882	f	\N	\N
0f7d620d-ec05-41d5-9487-a60e55248bc5	2209c4b3-b0d6-4858-9fa0-74c9b589442c	\N	d9b24ed1-04ba-4bbf-96f6-cc0db42ae882	t	\N	\N
56ac12fe-d1cc-4363-923f-f256bbfa89cf	4943ad21-7f08-4b45-8d6c-7cccbfb05562	\N	d9b24ed1-04ba-4bbf-96f6-cc0db42ae882	f	\N	\N
405f08ea-372d-4c59-ad5a-6f1b3d6e6a09	0819eeb9-9a87-40ba-8f9a-45cacf4a2d18	\N	d9b24ed1-04ba-4bbf-96f6-cc0db42ae882	f	\N	\N
5ab7119b-a92d-4041-abe9-6d61091c71ba	e1efe28e-64c5-402b-a692-0f795a6293c8	\N	788ded55-48ae-4d16-8db3-ff89f8b3b16d	f	\N	\N
c3b45eca-5ed0-44db-970c-6785db89cd17	a639981f-4bf0-4871-b264-00ad02a9a286	\N	788ded55-48ae-4d16-8db3-ff89f8b3b16d	f	\N	\N
ab42f91c-d02a-4d74-8c98-84ec11f1bf99	c942743a-d10b-4460-bc99-44ea941f6f8f	\N	788ded55-48ae-4d16-8db3-ff89f8b3b16d	t	GREAT	GREAT
f1541b5b-f366-4fa0-acdc-a68b8c40cb0a	f03779c1-9d87-439c-8d95-14e384c7d2c0	Työskentelit sinnikkäästi ja lopulta opit uuden taidon	788ded55-48ae-4d16-8db3-ff89f8b3b16d	t	GOOD	GREAT
7aa20023-1579-4ddb-a963-f3da3b5e2fae	e71cd959-78a0-4843-af83-1e8e741e7edf	\N	788ded55-48ae-4d16-8db3-ff89f8b3b16d	t	GOOD	GOOD
fc32f726-7155-4489-96c0-b6be7eae5149	9b14ff5e-b7da-446f-bf7b-601d7a7a5a86	\N	788ded55-48ae-4d16-8db3-ff89f8b3b16d	t	GREAT	GREAT
6796449c-3701-4fcd-9597-dd85ccdd7470	05c4f013-bc9a-4155-925b-6f8485bb5378	\N	788ded55-48ae-4d16-8db3-ff89f8b3b16d	t	FAIR	GOOD
53e47dbe-adb0-43f4-8c25-8e5040805dc2	5bbc08f9-01e0-4911-9a6a-38790219ce2a	\N	788ded55-48ae-4d16-8db3-ff89f8b3b16d	t	GREAT	FAIR
aa401431-f968-4dfe-9b6e-a5ff349e7f40	148a28ac-012b-44c4-b684-87a00ace9c72	\N	788ded55-48ae-4d16-8db3-ff89f8b3b16d	t	GREAT	EXCELLENT
e90049a0-8edb-4fbd-aeca-2b120afbfd7b	cbffcbc6-7d16-4e3b-845d-0f0397dcca9e	\N	788ded55-48ae-4d16-8db3-ff89f8b3b16d	t	GOOD	GREAT
5f55f8e6-d3c5-4885-9474-6a2065209f80	f4fc8254-27a5-4a0d-aca1-03b85e4020ab	\N	788ded55-48ae-4d16-8db3-ff89f8b3b16d	t	GOOD	GREAT
9d342419-4a5a-45d8-99d4-c59d7a15f61d	c67dd576-d4c0-4d3d-82ec-9e20e69c629e	\N	788ded55-48ae-4d16-8db3-ff89f8b3b16d	t	GOOD	GREAT
85612b6c-c711-4c68-8c4f-0b0389dce68e	af2c74f6-f7ed-4bf3-94cd-63b0d228dd6f	\N	788ded55-48ae-4d16-8db3-ff89f8b3b16d	t	GOOD	GREAT
acdf85f8-88a0-44c3-9074-f1082d3e4811	36920386-dc0f-4b52-aacc-ca4b36d3ac9b	Haastoit omia taitojasi hienosti vanteiden avulla	788ded55-48ae-4d16-8db3-ff89f8b3b16d	t	GREAT	EXCELLENT
5feb7372-677a-481d-a33a-6b6ff5ed76b4	bde08c48-5140-47eb-b28b-ce5c86ea8f46	Lopetit työskentelyn, kun ope ei suostunut ottamaan leikkiä tunnin loppuun	788ded55-48ae-4d16-8db3-ff89f8b3b16d	t	GREAT	FAIR
1fa0c4d1-eeaf-44bc-a123-efe1faa1bb0c	932b4426-7f6d-46ff-a9c4-a9fc697ddc23	Olet taitava välineenkäsittelijä	788ded55-48ae-4d16-8db3-ff89f8b3b16d	t	GREAT	GOOD
9992af2d-3bcc-4cf1-b20b-a9436fb6db80	fa6f162f-c93d-497c-b27b-9a6450a4a6ad	\N	f4ed3757-8623-42a2-a683-4d550a9b6f65	t	GREAT	GREAT
681fedde-8d4a-4425-8996-07d3cf10eb57	f925429c-08cc-4cba-b5d4-d63ccf818c49	\N	f4ed3757-8623-42a2-a683-4d550a9b6f65	t	GOOD	GREAT
7a83354b-110e-4d2b-8a0f-27541f4a9686	fa6f162f-c93d-497c-b27b-9a6450a4a6ad	\N	b54b2774-53ec-4efe-9957-926827ff6edb	t	FAIR	GOOD
697ee5bb-901f-47fb-8d4b-5ff2e4b3f08d	f925429c-08cc-4cba-b5d4-d63ccf818c49	Moimoi	b54b2774-53ec-4efe-9957-926827ff6edb	t	GOOD	GREAT
af3259fe-aeab-433f-a3e9-d7520ce0cabd	fa6f162f-c93d-497c-b27b-9a6450a4a6ad	\N	a43b826d-f7d2-4f07-8a9d-02bf8a8d29eb	t	FAIR	GOOD
240504d9-e8e6-4f6d-8221-11981a72eb22	f925429c-08cc-4cba-b5d4-d63ccf818c49	\N	a43b826d-f7d2-4f07-8a9d-02bf8a8d29eb	t	GOOD	GREAT
714cd720-bf19-4dd6-8e66-377272cd4b37	d6ca472f-8da2-49b6-9845-7c754ff8cca6	\N	6f513f04-4466-446d-b0a8-a46b53e4a416	t	GREAT	GREAT
3f630c02-be9f-49de-943c-101140e442b9	3d0b41cc-aea6-4e62-9b72-f8b21fb6f492	Moimpi	6f513f04-4466-446d-b0a8-a46b53e4a416	t	GOOD	GOOD
12c8b219-ef50-4324-97cb-246b25320592	4e9ce405-fa2a-49dd-85a6-a2acdf94224f	Jotain huomioita	6f513f04-4466-446d-b0a8-a46b53e4a416	t	GREAT	GREAT
c5d84c3f-5e18-49e3-9393-740f816945c2	7a92b5f9-e97e-47e9-9d5a-e9a959517cfa	\N	6f513f04-4466-446d-b0a8-a46b53e4a416	t	GOOD	GREAT
6e37c247-8dff-44bb-8fc7-bf72f4582510	d6ca472f-8da2-49b6-9845-7c754ff8cca6	\N	fe6e6f85-e1fa-4534-b6c8-772ff64c9c3d	t	POOR	POOR
4ec5dbc5-8494-4e57-9cb1-0dac3407cdbd	7a92b5f9-e97e-47e9-9d5a-e9a959517cfa	\N	fe6e6f85-e1fa-4534-b6c8-772ff64c9c3d	t	FAIR	FAIR
6afc8c0a-c56c-45a5-b1d0-74954c16198c	4e9ce405-fa2a-49dd-85a6-a2acdf94224f	\N	fe6e6f85-e1fa-4534-b6c8-772ff64c9c3d	t	GOOD	GOOD
22794a0e-6b42-4239-b444-e19f086ea764	3d0b41cc-aea6-4e62-9b72-f8b21fb6f492	Maurille huomiot	fe6e6f85-e1fa-4534-b6c8-772ff64c9c3d	t	GREAT	GREAT
db3755b0-6862-48d8-ae9f-b077fc1a63a0	fa6f162f-c93d-497c-b27b-9a6450a4a6ad	Moimoi	de687f93-05ec-4f40-b524-15aefde3eeb2	t	FAIR	FAIR
18246b7e-9b50-475e-a03e-5a4a60163500	f925429c-08cc-4cba-b5d4-d63ccf818c49	\N	de687f93-05ec-4f40-b524-15aefde3eeb2	t	GOOD	GOOD
5efea800-bd13-4ef5-b310-eda8a2e3eff0	d6ca472f-8da2-49b6-9845-7c754ff8cca6	\N	3edd6c2b-69fe-421c-b1d0-96dd69d61035	t	POOR	POOR
3188c4de-4f67-47c0-9e8a-e36581037d38	3d0b41cc-aea6-4e62-9b72-f8b21fb6f492	Maurille huomiot	3edd6c2b-69fe-421c-b1d0-96dd69d61035	t	EXCELLENT	EXCELLENT
408c7566-1eec-442d-8ee0-20329176e0c8	7a92b5f9-e97e-47e9-9d5a-e9a959517cfa	Kallelle huomiot	3edd6c2b-69fe-421c-b1d0-96dd69d61035	t	FAIR	FAIR
088c6df9-0d89-4ab8-8c67-53816c085635	4e9ce405-fa2a-49dd-85a6-a2acdf94224f	\N	3edd6c2b-69fe-421c-b1d0-96dd69d61035	t	GREAT	GREAT
e1ba5c99-653f-4782-a3d4-a31dc12b19b4	bcdcfdce-bc43-43af-88b2-ce2f79d40da0	Omatoiminen jooga! 	1b994224-f869-4001-9336-6c5d07fe8e39	t	GOOD	GOOD
305e6c26-9a9c-4c5c-89d7-c56f0284a5f5	98160f96-0d06-40e7-9e12-1c1ad90442fd	\N	1b994224-f869-4001-9336-6c5d07fe8e39	f	\N	\N
64988bec-a018-4dd4-8f7c-d22bb92bd68d	d6b3db8b-50e7-4a6c-8ed2-2247a659a3a9	\N	1b994224-f869-4001-9336-6c5d07fe8e39	f	\N	\N
f5437440-65d9-41d5-aee5-404c60393e47	803c9cfd-c665-452f-9cf4-1315a875fa0e	\N	1b994224-f869-4001-9336-6c5d07fe8e39	t	\N	GOOD
8cf149b6-16c0-4386-9508-b28896c160a8	545958d4-a061-46c0-a58b-e814f2864886	Omatoiminen jooga!	1b994224-f869-4001-9336-6c5d07fe8e39	t	GOOD	GOOD
0133d296-77c9-4050-850b-ec80c7ffc5e5	e5570e54-941f-4e8b-b7de-f2dd3d7662e2	Laiska osallistuminen, salilla ei käytännössä työskentelyä.	1b994224-f869-4001-9336-6c5d07fe8e39	t	GOOD	GOOD
fbf846d7-7003-4669-8ab8-8cc2055178f6	7c3affe4-d2a3-4620-907f-abc411bd5534	Vaihteleva osallistuminen. Lopussa salilla mukana.	1b994224-f869-4001-9336-6c5d07fe8e39	t	GOOD	GOOD
6f6e4157-a228-4eb2-b18e-b175e3ce338e	f37fb196-de25-4ea8-a1ff-280491ef3865	Mukana tekemisessä. Hienoa työskentelyä. Itseohjautuvaa!	1b994224-f869-4001-9336-6c5d07fe8e39	t	GREAT	EXCELLENT
18fb3460-f96b-4060-b8bd-241a92feae6d	7f64f516-bdbd-490a-9d83-6625c9834929	Tosi hyvää työskentelemistä tunnilla. Innostaa muita.	1b994224-f869-4001-9336-6c5d07fe8e39	t	GREAT	GREAT
e449dd50-8396-40af-a01e-f041e547ce4f	3a817706-c52d-4a77-8f87-68ef4514aef9	Kävelylenkillä. Ei varusteita mukana.	1b994224-f869-4001-9336-6c5d07fe8e39	t	\N	\N
ef64d323-1d84-4dce-8011-25fab4b2ad20	d9dd649b-f9bf-4670-84ea-a102fc16cfcc	Mukana työskentelyssä. Lopussa myös nyrkkeilyssä!	1b994224-f869-4001-9336-6c5d07fe8e39	t	GOOD	GREAT
7da5f695-3fc8-4e4f-a424-4f64af427caa	8597552c-2527-4294-8a08-56d47b563b33	Tällä tunnilla selkeästi aktiivisemmin mukana. Omatoiminen jooga, nyrkkeily yms.	1b994224-f869-4001-9336-6c5d07fe8e39	t	GOOD	GREAT
b15f8683-9451-4595-838b-edb5e4630b9e	34f18910-a0db-4e48-8129-8416b575d22b	Vähän puolivillaista osallistumista. Kuitenkin mukana kaikessa!	1b994224-f869-4001-9336-6c5d07fe8e39	t	GOOD	GOOD
44617c2d-9176-45a8-8edb-cf40429c2d3d	6bc63090-ea58-4189-b5d1-cba135d9da2b	Kävelyllä. Puolikuntoinen.	1b994224-f869-4001-9336-6c5d07fe8e39	t	\N	\N
77d56ff4-1d1b-45ce-a56c-c023555378d5	7b45664d-caff-4e11-a717-7c3e2e1ed7f7	Tänään ei työskentelyssä mukana aktiivisesti. Ei jaksanut.	1b994224-f869-4001-9336-6c5d07fe8e39	t	GOOD	FAIR
ffb3cd05-7f4e-4f26-9e1b-2793ad7df202	671ee4af-e36d-437d-b3ec-bee0179c96c4	Vaihtelevaa osallistumista. Puolikuntoisena kuitenkin mukana.	1b994224-f869-4001-9336-6c5d07fe8e39	t	GREAT	GOOD
75a1810d-9dbe-4873-9a1d-af7938bd6986	dc2469d2-1c1d-499c-bb3c-ff061b70307d	Osallistuminen tunnille kiitettävää. Innokas ja aktiivinen työskentely.	1b994224-f869-4001-9336-6c5d07fe8e39	t	GREAT	GREAT
4d55640d-b6fc-41a0-8a71-cf4205db767c	d21c58bf-a09d-4a2e-ab5f-131a3233f6ba	Omatoiminen jooga! Nyrkkeilyssä mukana.	1b994224-f869-4001-9336-6c5d07fe8e39	t	GOOD	GOOD
86d407ec-120d-4f08-b18c-ec49c8615975	f2cd6a55-4291-4848-a66e-36d096f181c4	\N	1b994224-f869-4001-9336-6c5d07fe8e39	t	GOOD	GOOD
eb2d4b0a-7885-494d-8bfa-46d11b79ecf7	a17ec781-f403-45b7-b1a2-2ad88dc2038e	Vaihtelevaa työskentelyä tunnilla.	1b994224-f869-4001-9336-6c5d07fe8e39	t	GOOD	GOOD
5aa0b0ef-7d7f-489e-ac66-e6b05dea5653	9ffd35f9-d869-4406-aa8c-cf60cbc47830	Omatoiminen Ylläksellä	1b994224-f869-4001-9336-6c5d07fe8e39	t	EXCELLENT	EXCELLENT
60c68bdb-56bc-4e18-a33f-ab751230cc99	f71a7e38-187d-4dfb-823d-f959158a971f	\N	1b994224-f869-4001-9336-6c5d07fe8e39	t	GOOD	GREAT
c9beea5d-ebe4-4946-a76c-70e1b6fd2b7a	165e6b48-6ffc-498b-a9c4-aac0d7a14fe2	\N	1b994224-f869-4001-9336-6c5d07fe8e39	t	GOOD	GREAT
1ade653e-2fca-466d-8a07-f1d0b0684c70	a37dd7ab-82b3-41ed-b2a4-8213902dd004	\N	f204db7e-8c50-4205-8253-2c4295f4cc23	t	GOOD	GOOD
b55f1bce-1e7b-4074-864e-5449485eae93	14c62b14-21d5-468c-b04f-89d60b2efc76	\N	f204db7e-8c50-4205-8253-2c4295f4cc23	t	FAIR	FAIR
231183cb-9860-4903-bc79-f61ad3814db1	44af4d28-bf42-438d-aa9b-9bf9de75b9a2	Moimoi	f204db7e-8c50-4205-8253-2c4295f4cc23	t	GREAT	GREAT
671940a8-7f11-4a7f-9713-6ad3295cf6e0	98160f96-0d06-40e7-9e12-1c1ad90442fd	\N	9ccac28e-da82-42b1-b5d1-d632e88c9009	f	\N	\N
b37762d7-37ac-4325-b4e4-a918540593c5	dc2469d2-1c1d-499c-bb3c-ff061b70307d	\N	9ccac28e-da82-42b1-b5d1-d632e88c9009	f	\N	\N
d61c414f-1ff9-4111-98b9-1b90520a7487	d6b3db8b-50e7-4a6c-8ed2-2247a659a3a9	\N	9ccac28e-da82-42b1-b5d1-d632e88c9009	f	\N	\N
40e388c5-1c43-4869-aa4f-03d670e9f205	803c9cfd-c665-452f-9cf4-1315a875fa0e	Vähemmän omaa työskentelyä mutta muiden tsemppausta.	9ccac28e-da82-42b1-b5d1-d632e88c9009	t	\N	GOOD
3cafd45c-5108-435e-8407-8fed9ed9065a	e5570e54-941f-4e8b-b7de-f2dd3d7662e2	Hyvä tekemisen meininki!	9ccac28e-da82-42b1-b5d1-d632e88c9009	t	\N	GREAT
a611bcda-1994-4ee4-82e5-a8c14843ab25	545958d4-a061-46c0-a58b-e814f2864886	Lentopallossa hieno itseohjautuvuutta.	9ccac28e-da82-42b1-b5d1-d632e88c9009	t	GOOD	GREAT
21906a22-268d-431f-b85f-2c5d11217853	7c3affe4-d2a3-4620-907f-abc411bd5534	Innokasta osallistumista.	9ccac28e-da82-42b1-b5d1-d632e88c9009	t	GREAT	GREAT
8b195d7d-bd5d-4da6-952a-761a591698f6	f37fb196-de25-4ea8-a1ff-280491ef3865	\N	9ccac28e-da82-42b1-b5d1-d632e88c9009	t	GREAT	EXCELLENT
6e4c2d47-a98f-45f5-9ba5-4f0ad90f3f36	7f64f516-bdbd-490a-9d83-6625c9834929	Auttoi Ainoa salilla. Kokeili uusia juttuja!	9ccac28e-da82-42b1-b5d1-d632e88c9009	t	GREAT	EXCELLENT
de2db57c-6000-4605-9886-eb05c7e3da28	8597552c-2527-4294-8a08-56d47b563b33	Lentopallossa hieno itseohjautuvuutta.	9ccac28e-da82-42b1-b5d1-d632e88c9009	t	GOOD	GREAT
cbab7b31-f469-4a53-b86a-1dc81fae679b	d9dd649b-f9bf-4670-84ea-a102fc16cfcc	Lentopallossa hieno itseohjautuvuutta.	9ccac28e-da82-42b1-b5d1-d632e88c9009	t	GOOD	GREAT
7505a97d-5ddc-468a-839b-925eb5f5268f	6bc63090-ea58-4189-b5d1-cba135d9da2b	Lentopallossa hieno itseohjautuvuutta.	9ccac28e-da82-42b1-b5d1-d632e88c9009	t	GOOD	GREAT
86fc9bf0-2394-446c-b0bc-2488d9621e92	671ee4af-e36d-437d-b3ec-bee0179c96c4	Lentopallossa hienoa itseohjautuvuutta.	9ccac28e-da82-42b1-b5d1-d632e88c9009	t	GREAT	EXCELLENT
de0ff127-63ec-4b8f-b7a0-42b259b24061	7b45664d-caff-4e11-a717-7c3e2e1ed7f7	\N	9ccac28e-da82-42b1-b5d1-d632e88c9009	t	GREAT	EXCELLENT
0238b222-9ec6-4022-a30c-712383d3d407	f2cd6a55-4291-4848-a66e-36d096f181c4	\N	9ccac28e-da82-42b1-b5d1-d632e88c9009	t	GOOD	GREAT
2785c423-c8c2-4948-8b89-1de256c5d279	d21c58bf-a09d-4a2e-ab5f-131a3233f6ba	\N	9ccac28e-da82-42b1-b5d1-d632e88c9009	t	GOOD	GREAT
49c63a8b-0eaa-40bd-afee-e5b7d9c22112	9ffd35f9-d869-4406-aa8c-cf60cbc47830	\N	9ccac28e-da82-42b1-b5d1-d632e88c9009	f	\N	\N
45ce8007-5393-4e46-99f0-a93a94e01fa6	bcdcfdce-bc43-43af-88b2-ce2f79d40da0	Lentopallossa hieno itseohjautuvuutta.	9ccac28e-da82-42b1-b5d1-d632e88c9009	t	GOOD	GREAT
8a215e13-6012-4920-a941-6e815de35397	3a817706-c52d-4a77-8f87-68ef4514aef9	\N	9ccac28e-da82-42b1-b5d1-d632e88c9009	t	GREAT	EXCELLENT
6a092fea-d9de-45cb-bcff-2f9aecd44787	34f18910-a0db-4e48-8129-8416b575d22b	\N	9ccac28e-da82-42b1-b5d1-d632e88c9009	t	GREAT	GREAT
64de6426-a0f0-4b76-9edd-2064946cf3d4	a17ec781-f403-45b7-b1a2-2ad88dc2038e	Ei oikein napannut mikään. Mukana työskentelyssä mutta ei fyysisesti.	9ccac28e-da82-42b1-b5d1-d632e88c9009	t	GOOD	GOOD
83b4467a-9e3c-4f19-91d4-0a8cadee78b6	f71a7e38-187d-4dfb-823d-f959158a971f	\N	9ccac28e-da82-42b1-b5d1-d632e88c9009	t	GREAT	GREAT
43eed070-d385-4a5c-8fdf-94e088786f96	165e6b48-6ffc-498b-a9c4-aac0d7a14fe2	Lentopallossa hieno itseohjautuvuutta.	9ccac28e-da82-42b1-b5d1-d632e88c9009	t	GOOD	GREAT
ec0f157f-d3f1-4717-bcaf-5527379004da	f03779c1-9d87-439c-8d95-14e384c7d2c0	\N	b2141604-d8a2-4f1f-afe5-c6ea3875d0cd	t	GREAT	GOOD
33c7c284-5bd7-4d9f-ab73-8a5fa63be03f	c942743a-d10b-4460-bc99-44ea941f6f8f	\N	b2141604-d8a2-4f1f-afe5-c6ea3875d0cd	t	GREAT	GREAT
7f9676e2-08ba-40ef-875b-d81f40f720cd	9b14ff5e-b7da-446f-bf7b-601d7a7a5a86	Kannustit muita ja yhteistyötaitosi olivat erinomaisia	b2141604-d8a2-4f1f-afe5-c6ea3875d0cd	t	GREAT	EXCELLENT
23e493c9-a010-4768-8c04-d13ed5c46906	e71cd959-78a0-4843-af83-1e8e741e7edf	Työskentelit kiitettävästi vaikka fiiliksesi ei ollut parhain	b2141604-d8a2-4f1f-afe5-c6ea3875d0cd	t	GOOD	GREAT
543f9415-c6cd-4c17-8ae8-5b85ae0ce95c	05c4f013-bc9a-4155-925b-6f8485bb5378	Työskentelit lentopallo tunnilla erityisen hyvin	b2141604-d8a2-4f1f-afe5-c6ea3875d0cd	t	GREAT	GREAT
e056c388-a14c-4952-a0e9-dd3f1269c2be	5bbc08f9-01e0-4911-9a6a-38790219ce2a	Olit taitava välineenkäsitteli lentopallo tunnilla	b2141604-d8a2-4f1f-afe5-c6ea3875d0cd	t	GREAT	GOOD
d2e4db76-1535-47cd-a694-1ef772be8855	e1efe28e-64c5-402b-a692-0f795a6293c8	\N	b2141604-d8a2-4f1f-afe5-c6ea3875d0cd	t	GOOD	GREAT
33db6f8b-9fd5-4406-80ee-b1c91221e9a5	148a28ac-012b-44c4-b684-87a00ace9c72	Teit hyvää yhteistyötä muiden kanssa	b2141604-d8a2-4f1f-afe5-c6ea3875d0cd	t	GOOD	EXCELLENT
63c0b326-1454-4ee7-9a38-e0098c0ba8c0	cbffcbc6-7d16-4e3b-845d-0f0397dcca9e	Erotuit positiivisella toiminnalla lentopallo tunnilla. Teit hienosti yhteistyötä muiden kanssa	b2141604-d8a2-4f1f-afe5-c6ea3875d0cd	t	GREAT	EXCELLENT
85dd5b8d-d39b-49f6-919e-ea1090a94f24	f4fc8254-27a5-4a0d-aca1-03b85e4020ab		b2141604-d8a2-4f1f-afe5-c6ea3875d0cd	t	GOOD	GOOD
487bf771-2567-4286-b108-4b24e1b701a2	af2c74f6-f7ed-4bf3-94cd-63b0d228dd6f	\N	b2141604-d8a2-4f1f-afe5-c6ea3875d0cd	t	GOOD	GREAT
8e4a2b51-7016-450a-8e62-c8820b65bd65	a639981f-4bf0-4871-b264-00ad02a9a286	Vahvuutesi pääsee esiin palloilu ympäristössä	b2141604-d8a2-4f1f-afe5-c6ea3875d0cd	t	EXCELLENT	GREAT
b63920aa-1203-458e-8249-635e7a87e856	c67dd576-d4c0-4d3d-82ec-9e20e69c629e	\N	b2141604-d8a2-4f1f-afe5-c6ea3875d0cd	t	GREAT	EXCELLENT
3acdfbba-fe06-4cbe-9603-f5401f246c54	36920386-dc0f-4b52-aacc-ca4b36d3ac9b	\N	b2141604-d8a2-4f1f-afe5-c6ea3875d0cd	t	GOOD	EXCELLENT
a211a144-acbb-458d-8fb4-8ac6fd5e888b	bde08c48-5140-47eb-b28b-ce5c86ea8f46	Kannustan sinua kiinnittämään huomiota työskentelyysi. Toivon enemmän yhteistyötä muiden kanssa	b2141604-d8a2-4f1f-afe5-c6ea3875d0cd	t	GOOD	FAIR
b2fc6b4f-3a69-40d0-972a-35c03742bc94	932b4426-7f6d-46ff-a9c4-a9fc697ddc23	\N	b2141604-d8a2-4f1f-afe5-c6ea3875d0cd	t	EXCELLENT	GREAT
51d87cac-36a1-4fc3-a874-c1e83ea44098	a37dd7ab-82b3-41ed-b2a4-8213902dd004	\N	e3c72671-2c10-4d64-95e1-107809ee55f2	t	GOOD	GREAT
e7673ba6-3d9c-4543-9e07-5bcb4d02a16d	14c62b14-21d5-468c-b04f-89d60b2efc76	\N	e3c72671-2c10-4d64-95e1-107809ee55f2	t	GOOD	GREAT
617924eb-83b9-4f81-9ea2-1b942d96baa7	44af4d28-bf42-438d-aa9b-9bf9de75b9a2	\N	e3c72671-2c10-4d64-95e1-107809ee55f2	t	FAIR	FAIR
04370494-a550-43e8-bed8-29f615285205	789e18c3-638d-4651-be65-ec0a1661539f	\N	3764fe1b-0d84-458d-9114-1da14ad918db	t	\N	\N
af2f86d4-3bfb-4501-b7d7-e522bc6f5eb7	3e6e5df9-5dfa-4ca7-9a45-d715cff22c70	\N	3764fe1b-0d84-458d-9114-1da14ad918db	t	\N	\N
0a531f25-5764-40ee-8afa-5d71131eb6b5	a722bd23-2313-44d9-a0c6-82a5270900a8	\N	3764fe1b-0d84-458d-9114-1da14ad918db	t	\N	\N
de5e3268-668f-42d6-9ef9-c21017b2a2fd	4fa0db05-161f-4165-b00c-52528866490c	\N	3764fe1b-0d84-458d-9114-1da14ad918db	t	\N	\N
e4c5ad36-af3f-4d81-aa7f-40ba7bdebe45	d77c55c5-670a-4bc5-bf46-5ff9662077f6	\N	3764fe1b-0d84-458d-9114-1da14ad918db	t	\N	\N
4244853c-ea49-45b5-afcd-fecf49087c29	dc2a0312-bdaf-45d4-b3a4-9c3216012e4b	\N	3764fe1b-0d84-458d-9114-1da14ad918db	t	\N	\N
7b5d8d77-d49e-4427-979a-69fb6564cc43	17a303e2-58b9-434a-b0e3-a3227ba197dc	\N	3764fe1b-0d84-458d-9114-1da14ad918db	t	\N	\N
168b3d6a-4785-4158-bf15-d94bc9a74d5f	f8d6ffe2-7f9a-4126-9e27-9d374e3ab509	\N	3764fe1b-0d84-458d-9114-1da14ad918db	t	\N	\N
046dca06-cb94-4309-a9b2-ebde0698ba92	8cc39180-992f-41be-88d7-d798fc88abe0	\N	3764fe1b-0d84-458d-9114-1da14ad918db	t	\N	\N
99ee9c46-1b10-4065-8aea-85c3453f85d9	45d76ed8-35ff-473d-b70c-92c0762d7a89	\N	3764fe1b-0d84-458d-9114-1da14ad918db	t	\N	\N
3c24f11e-189a-42e4-86d4-0e6e8da7bc4e	5a07f60b-4776-4160-947b-fe207b5d64e5	\N	3764fe1b-0d84-458d-9114-1da14ad918db	t	\N	\N
c5ec1644-731f-410d-a9ea-6875cd98e3a6	55d97917-9df6-48ee-9afe-cbbfa0fe1796	\N	3764fe1b-0d84-458d-9114-1da14ad918db	t	\N	\N
69a20277-4d44-41c1-a7db-f4fa1c1b9375	cac00e26-1bd0-47c3-b2a8-4eb754562d6d	\N	3764fe1b-0d84-458d-9114-1da14ad918db	t	\N	\N
366506b8-8101-40e4-86ce-fae4b9e31130	08d712ee-e2bc-4ca6-9660-fa986c4c4158	\N	3764fe1b-0d84-458d-9114-1da14ad918db	t	\N	\N
a5c170a9-2a76-4c68-83d9-b5e78e01a3f0	ac28c6c7-0004-4f66-9e60-a175d8f2cdb7	\N	3764fe1b-0d84-458d-9114-1da14ad918db	t	\N	\N
e5a386de-6936-4b85-996a-27184d73ce57	5e8a31cb-3ca8-4d0d-9489-dc20d318827b	\N	3764fe1b-0d84-458d-9114-1da14ad918db	t	\N	\N
f2cfba61-ba06-42bc-9685-bfd5586cc728	d4a4ffc6-fd8b-45ae-82a2-f49d61729300	\N	3764fe1b-0d84-458d-9114-1da14ad918db	t	\N	\N
d0644763-3680-4792-8233-056a7e4080f7	72a6f1b1-63cd-48fd-9aed-7fd8bd8c8ddf	\N	3764fe1b-0d84-458d-9114-1da14ad918db	t	\N	\N
4f55b9a0-41ed-4df4-b1bf-c3720af5ecdf	7131d54d-4686-4ca4-8a4f-cf090eaa7d5e	\N	3764fe1b-0d84-458d-9114-1da14ad918db	t	\N	\N
ddfc813c-424a-4992-aaca-391a6d3afb54	8f2c8d2d-5ffd-42ae-abd0-cce3cddc1dff	\N	3764fe1b-0d84-458d-9114-1da14ad918db	t	\N	\N
1eebe669-6492-4166-88d7-2be928481004	9a8e559f-1792-4dbf-b515-2bff3261aaf6	\N	3764fe1b-0d84-458d-9114-1da14ad918db	t	\N	\N
02ba8983-f7ae-4c55-91a6-6f758053ad2c	bf6a64c8-9929-4dff-84b1-ddc2610a39ea	\N	fa6f0ef3-9e0b-49a1-a73c-4165012ce847	t	\N	\N
c189fd86-8c84-4d51-a26e-a2af6ce91023	afb3877f-5868-478e-8359-b83d10f1b806	\N	fa6f0ef3-9e0b-49a1-a73c-4165012ce847	t	\N	\N
98b692cb-ca74-415f-8254-2d97c3ce293b	5264810a-e588-42d0-bf5f-7391a9cf5c9e	\N	fa6f0ef3-9e0b-49a1-a73c-4165012ce847	t	\N	\N
3d5a207c-e549-470b-944a-fc2dfb364721	d6ca472f-8da2-49b6-9845-7c754ff8cca6	Terve terve huomioita tässä joitakin Ymmärrätkö minun puhettani	6a37546c-13d8-4f61-baa7-5435d2c92e8e	t	GOOD	GREAT
ca2c159b-bb09-4bb9-a2dc-cfe27a665723	3d0b41cc-aea6-4e62-9b72-f8b21fb6f492	\N	6a37546c-13d8-4f61-baa7-5435d2c92e8e	t	GOOD	GREAT
9699b121-451c-4963-be58-63bec8a5d5d7	7a92b5f9-e97e-47e9-9d5a-e9a959517cfa	\N	6a37546c-13d8-4f61-baa7-5435d2c92e8e	t	GOOD	GOOD
ef00d209-ff09-46bd-add1-984cab9d2694	4e9ce405-fa2a-49dd-85a6-a2acdf94224f	\N	6a37546c-13d8-4f61-baa7-5435d2c92e8e	t	FAIR	FAIR
75f922f8-269e-47e3-be6a-26cba8343e36	84c79ed7-b6e3-488d-93e7-0462a6e51139	\N	f4860d37-f4ca-4ba4-8970-6bb133f22cd3	t	GOOD	GREAT
8b76a7d2-726e-4e76-b69b-bd326bafdb1c	2c42a7d7-10ee-46d8-b057-103c9d3773d9	\N	f4860d37-f4ca-4ba4-8970-6bb133f22cd3	t	GOOD	FAIR
0feac072-d570-4250-9d36-937712aa7ac6	fa6f162f-c93d-497c-b27b-9a6450a4a6ad	Jotain	f60cf3aa-428c-42ac-984e-6f4e8ebdef25	t	GOOD	GOOD
e2046ecb-b911-4088-ab5b-932a8ba48b4d	f925429c-08cc-4cba-b5d4-d63ccf818c49	Moi	f60cf3aa-428c-42ac-984e-6f4e8ebdef25	t	GOOD	GREAT
de765420-0fc7-4508-869e-f341584f4de8	2eceab39-5d0a-4201-a275-17a1bed011a6	\N	f60cf3aa-428c-42ac-984e-6f4e8ebdef25	t	FAIR	FAIR
90cb7510-69fa-41c3-a01c-6d85d243eec0	4454d03a-54da-4c2c-b931-b4b96ac0d81a	\N	fb37655d-6494-4657-9055-5e6a24b61e2a	t	GOOD	GOOD
c9b692e6-bb37-4e70-a983-4d7c3815d86e	4c658b14-0fce-4ca3-ac9a-42558969e0e2	\N	fb37655d-6494-4657-9055-5e6a24b61e2a	t	GOOD	GOOD
a9d320fb-10c9-4365-9893-7199c0c23f2a	7c159017-8908-4a89-bc0b-dadcb58a2d03	\N	fb37655d-6494-4657-9055-5e6a24b61e2a	t	GREAT	FAIR
c428d13d-7daf-4860-9dc0-5f0137bae897	7131bcea-6594-4433-be62-2dca8ffad861	\N	fb37655d-6494-4657-9055-5e6a24b61e2a	t	FAIR	GREAT
b849be50-e56a-4b8f-9ea1-269785a276a1	143f673e-f9e3-4c24-a7b2-6f7c9ee22499	\N	cad9f7d4-a5c1-4ff2-9b94-edcb84b13a47	f	\N	\N
66a2b4ed-cf7d-42c5-b842-568d0cc0411c	1da042e5-4175-4c5e-b1e1-044b2c67c3af	\N	cad9f7d4-a5c1-4ff2-9b94-edcb84b13a47	f	\N	\N
fc1bded5-f0dc-4fcb-aa70-71d3aef5f5e5	16149225-d420-4254-88de-36f235415650	\N	cad9f7d4-a5c1-4ff2-9b94-edcb84b13a47	t	GOOD	GREAT
6e5f9f40-0f7f-407e-a44c-f4438c5108f5	7af2670e-d622-44de-9458-0e3490224f19	\N	cad9f7d4-a5c1-4ff2-9b94-edcb84b13a47	t	GREAT	GREAT
c6eb1c42-8af1-42e1-8003-9bcced11e64b	d19cd645-fa1d-4e74-a7c8-ec4b4b612983	\N	cad9f7d4-a5c1-4ff2-9b94-edcb84b13a47	t	GREAT	GREAT
5fe9fc8d-e9e3-4055-b9f9-a51623a22906	eb96e883-bf2d-4482-b8c9-6d272ee35354	\N	cad9f7d4-a5c1-4ff2-9b94-edcb84b13a47	t	EXCELLENT	GREAT
358f1ac1-101f-4d62-af09-c02b351bf893	5f2d8cba-c89d-4dee-b204-911a7f658599	\N	cad9f7d4-a5c1-4ff2-9b94-edcb84b13a47	t	GREAT	GREAT
d1c8ea15-9d50-4a0d-b21b-18f8b8558449	41403fd8-289f-42b0-8d4f-4f8f2d47898d	\N	cad9f7d4-a5c1-4ff2-9b94-edcb84b13a47	t	GREAT	GREAT
71ca963d-41d1-42e8-8d9f-3a5721aa26e9	898eaa06-334f-4446-98b3-2368ad2b6cef	\N	cad9f7d4-a5c1-4ff2-9b94-edcb84b13a47	t	GREAT	GREAT
7c7c20d4-3239-4b3b-9f0e-9c30a69d28c2	052654dc-bfba-4092-85d4-6894c908f9b1	\N	cad9f7d4-a5c1-4ff2-9b94-edcb84b13a47	t	GREAT	GREAT
084d998b-a257-403c-9ad0-d0785af603e6	a9823635-cc6a-4026-ad85-423287d7ec49	\N	cad9f7d4-a5c1-4ff2-9b94-edcb84b13a47	t	GREAT	GREAT
4bed0d32-7aa6-4648-a45e-611437754c5c	b015f02b-0e21-4f21-93d4-8497311b6490	\N	cad9f7d4-a5c1-4ff2-9b94-edcb84b13a47	t	EXCELLENT	GREAT
0150fb97-8892-421f-8280-b651221054a0	4cdb20f7-d8a7-480c-9379-bbe14d95d933	\N	cad9f7d4-a5c1-4ff2-9b94-edcb84b13a47	t	\N	\N
87a246c0-f236-4799-a482-b0bb808dea1c	82907cc5-83bb-4c40-ac86-66a67bc9f5eb	\N	cad9f7d4-a5c1-4ff2-9b94-edcb84b13a47	t	GOOD	GREAT
21f9b1eb-8c33-453b-afbe-9fd884dcfa48	13e55cbe-ac55-47e1-b4d0-cc80073762e4	\N	cad9f7d4-a5c1-4ff2-9b94-edcb84b13a47	t	GREAT	EXCELLENT
c2e7b9cf-bc5f-4cdc-aaa4-76cfad08f3f8	5323b55b-5fa9-4285-b48a-dbf0a19c3bef	\N	7a90bdaa-e683-4a3d-8d4f-78c56fab3e13	f	\N	\N
41e8eda6-0944-4d38-9628-e6f048a62ffd	2209c4b3-b0d6-4858-9fa0-74c9b589442c	\N	7a90bdaa-e683-4a3d-8d4f-78c56fab3e13	f	\N	\N
6656dac8-fc77-43fe-8876-88128aa36b05	0819eeb9-9a87-40ba-8f9a-45cacf4a2d18	\N	7a90bdaa-e683-4a3d-8d4f-78c56fab3e13	f	\N	\N
e85962e3-c32a-4f52-97da-6f3d25cf4465	e9969c0d-58a3-4bcd-b301-5690b7290aa5	\N	7a90bdaa-e683-4a3d-8d4f-78c56fab3e13	t	GREAT	EXCELLENT
5d15db5a-9c2d-41c9-ac6b-4cc14dec428b	dadb6322-e514-4a92-b22b-ab9357a4ac32	\N	7a90bdaa-e683-4a3d-8d4f-78c56fab3e13	t	GREAT	GREAT
0be36c28-e8d4-4b59-84ca-510a3f67741e	42a4fefd-c72e-4707-b0d6-14fd9bd80379	\N	7a90bdaa-e683-4a3d-8d4f-78c56fab3e13	t	GOOD	GOOD
86dca618-c24c-4d1a-91f3-555e61436770	a9fb1e6c-0ef3-4c54-99a9-3c81384b898a	\N	7a90bdaa-e683-4a3d-8d4f-78c56fab3e13	t	GREAT	GREAT
bddd3177-bc44-46eb-86ba-101ddf5d651e	26d1e5d6-23ea-4577-b7d1-7a54e5e29900	\N	7a90bdaa-e683-4a3d-8d4f-78c56fab3e13	t	EXCELLENT	GREAT
bd16b4c5-0269-430a-9dad-08168486ff12	1e2db5dd-c171-460e-bf48-4bc55f04f49e	\N	7a90bdaa-e683-4a3d-8d4f-78c56fab3e13	t	GREAT	GREAT
4cac8929-e8c4-4163-a66d-e5eb44b0886a	046a3d24-b93f-44d1-ae1b-aa628e141bae	\N	7a90bdaa-e683-4a3d-8d4f-78c56fab3e13	t	GOOD	GREAT
5b4d58dd-74a4-4807-9add-ffb5aea577b5	404347be-f571-4254-b055-a06e9a9962f9	\N	7a90bdaa-e683-4a3d-8d4f-78c56fab3e13	t	GOOD	GREAT
0ceb5162-b0a7-490a-8d0e-36b77a4817c0	686241e9-7a4e-4eb6-bc99-26699999001b	Puhelimen käyttö	7a90bdaa-e683-4a3d-8d4f-78c56fab3e13	t	GOOD	GOOD
528b2b84-fdb7-4b33-8c75-4b69b0e0c017	2e03b196-3248-4f14-9f2d-4661e503665d	\N	7a90bdaa-e683-4a3d-8d4f-78c56fab3e13	t	GOOD	GREAT
c8c9267d-903e-40e5-8f19-96dc9159f666	b9266745-39ba-4be3-b1a1-421801b79832	\N	7a90bdaa-e683-4a3d-8d4f-78c56fab3e13	t	GOOD	GREAT
c3540ae1-54f4-41bd-b820-7930a0727bff	799b59e5-c962-4f19-9f9d-01518c57a550	\N	7a90bdaa-e683-4a3d-8d4f-78c56fab3e13	t	EXCELLENT	GREAT
b889a48f-5be7-4bad-bfde-902f779c60c8	74e88236-472e-41ea-9475-73c94489ae2e	\N	7a90bdaa-e683-4a3d-8d4f-78c56fab3e13	t	GOOD	GREAT
fee0f3b9-a0c2-4525-aba3-9763c8a2b2e7	6ebad098-c9d7-4dd2-8e64-6dd6d0d5d859	\N	7a90bdaa-e683-4a3d-8d4f-78c56fab3e13	t	GOOD	GREAT
631030fb-43b2-44f5-8364-8c2984d640e5	4943ad21-7f08-4b45-8d6c-7cccbfb05562	Jättäytyi pois osasta toiminnasta	7a90bdaa-e683-4a3d-8d4f-78c56fab3e13	t	GOOD	GOOD
7c89f2b2-e949-4209-a069-1283f266707a	67c02902-d7e2-47e1-abef-9d1ae14a3da5	\N	e9ca0e55-45fd-4c1a-b588-c07ae30bfaea	f	\N	\N
d368c281-6ca9-442c-be91-19d184dd2aed	b43981e9-6f50-4908-b225-1f5d5a70c68e	\N	e9ca0e55-45fd-4c1a-b588-c07ae30bfaea	f	\N	\N
34d1b9f9-231c-4695-8caf-6f0e42aedf55	7ad2e103-b7a1-4b0c-bbd2-5c1cba3d4a9b	\N	e9ca0e55-45fd-4c1a-b588-c07ae30bfaea	f	\N	\N
bea7130c-7046-4668-bc79-1fc282e51989	e2c637e8-f394-4a5a-926f-1f9888a7dc98	Pesiksessä ei kunnollista osallistumista	e9ca0e55-45fd-4c1a-b588-c07ae30bfaea	t	GOOD	GOOD
2fec38c8-d33c-4a0e-85c6-d213c7fc3cd7	b05b035e-4867-40c1-965e-f60630bfa457	\N	e9ca0e55-45fd-4c1a-b588-c07ae30bfaea	t	GOOD	GOOD
72481adc-c5f2-4d2b-8a27-aa93ca028ff3	2dd7377d-323a-4e73-9a14-5962ec2b8a58	\N	e9ca0e55-45fd-4c1a-b588-c07ae30bfaea	t	GREAT	GREAT
f784032e-5774-47a4-8478-b64b24d7c406	1d4f1fb5-3d14-4889-8aa5-1fb175c2be24	\N	e9ca0e55-45fd-4c1a-b588-c07ae30bfaea	t	EXCELLENT	GREAT
a6a11a43-d27a-4ef0-b03a-57e2fcd00b6b	350594d5-5cd4-4033-9294-6b50102afe7d	\N	e9ca0e55-45fd-4c1a-b588-c07ae30bfaea	t	GOOD	GREAT
143480bc-e6ad-4815-a77f-48f831c4131d	9bdfa82d-13bd-40be-9a9b-a57c2a072351	\N	e9ca0e55-45fd-4c1a-b588-c07ae30bfaea	t	GREAT	GREAT
2299721c-693c-47dd-8c91-11b5a82dd0a7	d07f9606-ddee-4f35-8d35-b8358dc9fc75	\N	e9ca0e55-45fd-4c1a-b588-c07ae30bfaea	t	GOOD	EXCELLENT
d7baee49-7cd8-4fb1-a6d8-5ea378f7c2bc	a6b19b1f-e185-41df-b32a-145f3d8ba2ae	\N	e9ca0e55-45fd-4c1a-b588-c07ae30bfaea	t	GREAT	GREAT
340df978-2711-497a-9ae3-70e3db6f22b4	5fd1effd-1670-4a40-bfaf-75a2a048fc91	\N	e9ca0e55-45fd-4c1a-b588-c07ae30bfaea	t	GREAT	GREAT
4f49d81a-4604-41ee-8c19-ac238e703efe	720863b3-15b5-4928-b516-5a8ec0cee764	\N	e9ca0e55-45fd-4c1a-b588-c07ae30bfaea	t	GREAT	GREAT
18d56539-19ad-4c9c-bdba-00b4951cfe9a	af758be6-0adc-4e32-8543-f65f6c48fd2b	\N	e9ca0e55-45fd-4c1a-b588-c07ae30bfaea	t	GOOD	GREAT
023dea80-106a-4d75-9897-b43e28c2f817	eb6258aa-1619-49ae-be18-11cd0b0d7e1b	\N	e9ca0e55-45fd-4c1a-b588-c07ae30bfaea	t	GOOD	GREAT
6037968c-366e-4d75-b134-257675584810	24007058-ca39-4c69-9004-c3d29b441fb3	Nukkui pommiin	e9ca0e55-45fd-4c1a-b588-c07ae30bfaea	t	\N	\N
cab23c51-ca25-4088-a734-2b7225e05c7c	c0011bcd-6952-4d60-a01b-3b455c7eea4c	\N	e9ca0e55-45fd-4c1a-b588-c07ae30bfaea	t	GOOD	EXCELLENT
216a50df-373c-4804-9711-49dcabb5da96	fb78d640-ca97-407e-9d2b-6390b8a2c77d	\N	c222d9c2-e979-47cd-b545-1803e2849a9e	t	FAIR	GREAT
0e23e7ad-9928-42cb-80fa-630c9286cd53	91a00bae-00db-464f-8376-591e16a5a811	\N	c222d9c2-e979-47cd-b545-1803e2849a9e	t	GREAT	GREAT
b1e60827-8759-4fc1-8ca3-83ba3ee85551	f9c6b20c-e57c-4e70-9f32-dedd975aab01	\N	c222d9c2-e979-47cd-b545-1803e2849a9e	t	EXCELLENT	GREAT
569ec425-ed4a-408b-ab17-c071d5fc344f	e47d29de-6a02-4e63-a52a-964fc17b744e	\N	c222d9c2-e979-47cd-b545-1803e2849a9e	t	EXCELLENT	GREAT
d6066a8e-74c7-4455-bd36-0978f6f9a139	71eae4f2-10b4-477e-a21f-0ef25ba08d1b	\N	c222d9c2-e979-47cd-b545-1803e2849a9e	t	EXCELLENT	GREAT
99d064f1-e540-4314-9021-eb26b7bf8e3c	8fa5f694-d7a7-49c2-98a2-e1aecdc80d3e	\N	c222d9c2-e979-47cd-b545-1803e2849a9e	f	\N	\N
6f2aa08a-8f06-4392-a33c-b6f28b34c616	2ca2b55e-b4b7-4d05-b440-3fbccdfc3c20	\N	c222d9c2-e979-47cd-b545-1803e2849a9e	f	\N	\N
951c2f3a-e221-4ca1-9159-ebac5f14dd4d	00179acc-3d3c-496f-98db-fb88756116f4	\N	c222d9c2-e979-47cd-b545-1803e2849a9e	f	\N	\N
55b831fd-06b3-4bd7-99c5-fdea3366a6fa	45cedf94-714b-404a-8ad5-db42f55919eb	\N	c222d9c2-e979-47cd-b545-1803e2849a9e	f	\N	\N
221ded89-5767-4639-b11b-ed4232a26f3d	1b1a60a0-0dd3-4c97-a5b7-44d0f618a7f0	\N	c222d9c2-e979-47cd-b545-1803e2849a9e	f	\N	\N
4e413201-2642-4d47-b296-e177eb8977ec	69fec935-4bcd-43ab-9737-a524627dbe1e	\N	c222d9c2-e979-47cd-b545-1803e2849a9e	f	\N	\N
8af78bec-fd38-4ae1-939e-e88c445dc19d	abd4148b-b530-4440-b643-34d08a4bb811	\N	c222d9c2-e979-47cd-b545-1803e2849a9e	f	\N	\N
91b75f04-fb88-40e5-8cf4-185736eb0351	1556394a-6336-4838-8943-19088ecdf5e0	\N	c222d9c2-e979-47cd-b545-1803e2849a9e	f	\N	\N
dc35bc44-1a4f-4d99-93c4-e560bf1be9a6	0e963947-3dcf-4f30-b316-ac9d07d81b0b	\N	c222d9c2-e979-47cd-b545-1803e2849a9e	f	\N	\N
45857959-ce8a-4990-9562-aa35fe740ece	b1ef84a7-2238-4946-bd2d-97aae138bbad	\N	c222d9c2-e979-47cd-b545-1803e2849a9e	f	\N	\N
bf4f45d2-236c-478c-b53d-23b9f8574c7f	de28725b-ccaf-45e6-b808-aeeba3fa151e	\N	c222d9c2-e979-47cd-b545-1803e2849a9e	f	\N	\N
268c921c-972b-4c02-a854-6d822be42770	f4eb73ad-9a1f-4b7b-8899-b2a07ff4db2d	\N	c222d9c2-e979-47cd-b545-1803e2849a9e	f	\N	\N
83bbb858-8430-4e8f-8b93-e943b45cc4e6	4a3f375e-f8ce-46f9-8b9a-4587d069d036	\N	c222d9c2-e979-47cd-b545-1803e2849a9e	f	\N	\N
d18422e3-34f4-4caa-acc0-ef9b7f9b7647	1461587b-fedd-4cb1-a122-58dd9ddc3fd9	\N	c222d9c2-e979-47cd-b545-1803e2849a9e	f	\N	\N
82f8853b-4ba0-4353-911b-c3ecb34dae2c	1f770536-fee1-4ca2-9622-ed816628c9b7	\N	c222d9c2-e979-47cd-b545-1803e2849a9e	f	\N	\N
8711b51c-04b6-46c1-92f3-5effec003682	63f57cea-4036-4e38-9d84-3c36f99124ef	\N	c222d9c2-e979-47cd-b545-1803e2849a9e	f	\N	\N
df8b4c39-c7e3-4bd0-b8e5-0fe4c03296ea	3723e655-2484-4055-8570-13ee693d5a1a	\N	c222d9c2-e979-47cd-b545-1803e2849a9e	f	\N	\N
620de552-4342-4035-b87a-46654604d0cd	3e62f535-90a9-4a75-9748-27ea0d491a54	\N	c222d9c2-e979-47cd-b545-1803e2849a9e	f	\N	\N
ce8034fb-2421-4265-b9fe-54df01db5700	ad671202-0d1b-4b31-a2fc-9fa9032f3b33	\N	c222d9c2-e979-47cd-b545-1803e2849a9e	f	\N	\N
7bf66106-77d3-466f-bdfc-108956cdc486	f7ede4ab-b52d-4f8e-9bb3-56addd842fab	\N	c222d9c2-e979-47cd-b545-1803e2849a9e	t	GOOD	GREAT
5fb8264c-b380-455c-92b1-0470a195d5fc	aa420673-c8ba-41da-9ee4-061022bb4a51	\N	c222d9c2-e979-47cd-b545-1803e2849a9e	t	GREAT	GREAT
2653091a-79e6-4d87-ba40-15d6e57d7696	c942743a-d10b-4460-bc99-44ea941f6f8f	\N	133614c5-d3fc-428f-8335-61138f56923f	t	\N	\N
04838111-e86e-4d6e-9d87-0d1c70826713	f03779c1-9d87-439c-8d95-14e384c7d2c0	\N	133614c5-d3fc-428f-8335-61138f56923f	t	\N	\N
35f1d6a8-8c4e-433b-b5de-4355513c9cc6	9b14ff5e-b7da-446f-bf7b-601d7a7a5a86	\N	133614c5-d3fc-428f-8335-61138f56923f	t	\N	\N
3e379dbf-0ef1-4adb-81bf-d9cb79c61421	e71cd959-78a0-4843-af83-1e8e741e7edf	\N	133614c5-d3fc-428f-8335-61138f56923f	t	\N	\N
9cc51b9d-0251-4980-9468-00ffad91c88a	05c4f013-bc9a-4155-925b-6f8485bb5378	\N	133614c5-d3fc-428f-8335-61138f56923f	t	\N	\N
a1415ff0-ff09-4d35-9de4-a55e169cc0c0	5bbc08f9-01e0-4911-9a6a-38790219ce2a	\N	133614c5-d3fc-428f-8335-61138f56923f	t	\N	\N
a7331b3e-9acc-467f-9314-4e412bd74990	e1efe28e-64c5-402b-a692-0f795a6293c8	\N	133614c5-d3fc-428f-8335-61138f56923f	f	\N	\N
96fb37b2-57ce-411a-ab64-3bb0751ad4c7	148a28ac-012b-44c4-b684-87a00ace9c72	\N	133614c5-d3fc-428f-8335-61138f56923f	t	\N	\N
ef8a1f6f-7c3b-424f-8a47-1c0261e6bab8	cbffcbc6-7d16-4e3b-845d-0f0397dcca9e	\N	133614c5-d3fc-428f-8335-61138f56923f	t	\N	\N
da814a15-b235-46c8-8716-e042684f33a0	f4fc8254-27a5-4a0d-aca1-03b85e4020ab	\N	133614c5-d3fc-428f-8335-61138f56923f	f	\N	\N
e2edd86c-c0e3-449c-976b-7aa5b5f6bb09	af2c74f6-f7ed-4bf3-94cd-63b0d228dd6f	\N	133614c5-d3fc-428f-8335-61138f56923f	t	\N	\N
f165f9f3-6b04-4086-91a3-ec89284865c5	a639981f-4bf0-4871-b264-00ad02a9a286	\N	133614c5-d3fc-428f-8335-61138f56923f	t	\N	\N
38a928fa-e136-4756-9752-261ee1c905f1	c67dd576-d4c0-4d3d-82ec-9e20e69c629e	\N	133614c5-d3fc-428f-8335-61138f56923f	t	\N	\N
cff46452-091d-4959-affe-bc53f1de00d2	36920386-dc0f-4b52-aacc-ca4b36d3ac9b	\N	133614c5-d3fc-428f-8335-61138f56923f	t	\N	\N
99baeecf-6c21-4403-8c04-5b0767b7e8c1	bde08c48-5140-47eb-b28b-ce5c86ea8f46	\N	133614c5-d3fc-428f-8335-61138f56923f	t	\N	\N
a7295ef5-8514-4179-b753-0596a13a49d6	932b4426-7f6d-46ff-a9c4-a9fc697ddc23	\N	133614c5-d3fc-428f-8335-61138f56923f	t	\N	\N
\.


--
-- TOC entry 2985 (class 0 OID 25343)
-- Dependencies: 203
-- Data for Name: EvaluationCollection; Type: TABLE DATA; Schema: public; Owner: -
--

COPY public."EvaluationCollection" (id, date, type, description, "groupId") FROM stdin;
504f1ffa-7cdc-4780-b2de-02c3baeba09a	2023-03-05 00:00:00	Suunnistus		b440f076-efa4-4a4d-b153-d503f875ebd9
89a67a3b-d2fa-495a-8aa3-6939c9aebd12	2023-03-05 00:00:00	Sähly		b440f076-efa4-4a4d-b153-d503f875ebd9
c9100f5b-f506-4311-84dc-e8042a271154	2023-03-05 00:00:00	Sähly		b440f076-efa4-4a4d-b153-d503f875ebd9
4676f69e-9730-4499-994d-6f7815902966	2023-03-05 00:00:00	Koripallo		b440f076-efa4-4a4d-b153-d503f875ebd9
9bf4154e-23ff-4e54-a679-592f4bf749e0	2023-03-05 00:00:00	Sähly		b440f076-efa4-4a4d-b153-d503f875ebd9
522d5ad6-d2d4-42b5-be54-e9b29c439e51	2023-03-05 00:00:00	Sähly		b440f076-efa4-4a4d-b153-d503f875ebd9
d55559ea-208d-4ab7-869d-7ed80be17f3c	2023-03-05 00:00:00	Sähly		b440f076-efa4-4a4d-b153-d503f875ebd9
43d83271-76a1-453b-b117-72d4a3741fa6	2023-03-05 00:00:00	Sähly		54d739bd-6c9f-48df-850c-78a43ed48a61
024a5d62-d90f-4f73-b293-3286175ca586	2023-03-05 00:00:00	Koripallo		54d739bd-6c9f-48df-850c-78a43ed48a61
0f029a9c-09e5-4dcb-8cf6-3ed27dc40dcf	2023-03-06 00:00:00	Sähly		b440f076-efa4-4a4d-b153-d503f875ebd9
6e32048b-a4bc-4675-8993-eb8cfd7d61aa	2023-03-06 00:00:00	Sähly		b440f076-efa4-4a4d-b153-d503f875ebd9
5e8837df-1f5c-40ba-b00f-e1b80e63091a	2023-03-06 00:00:00	Miesvoimistelu		b440f076-efa4-4a4d-b153-d503f875ebd9
254e3bdc-434e-4983-ab70-df97173bf495	2023-03-06 00:00:00	Koripallo		0df0a9e8-d7d4-4a24-a2ad-e5f263696a27
46f49e12-9ec2-4854-88c1-dfd934ffb1ed	2023-03-06 00:00:00	Koripallo		0df0a9e8-d7d4-4a24-a2ad-e5f263696a27
09a9db2e-a25b-48b9-b37a-2b74e35d74bb	2023-03-06 00:00:00	Palloilu		0df0a9e8-d7d4-4a24-a2ad-e5f263696a27
f04b744d-1e24-4808-bdc1-64958528a884	2023-03-06 00:00:00	Koripallo		b440f076-efa4-4a4d-b153-d503f875ebd9
497bfa45-fb2d-4a86-8132-f85a8c9079d3	2023-03-06 00:00:00	Sähly		b440f076-efa4-4a4d-b153-d503f875ebd9
9ff76a2b-5a00-4ea4-ae23-f51a8ff3540d	2023-03-08 00:00:00	Hiihto		0df0a9e8-d7d4-4a24-a2ad-e5f263696a27
07d15539-3d6f-43d8-9b87-0239d41111c4	2023-03-08 00:00:00	Keilaus		0df0a9e8-d7d4-4a24-a2ad-e5f263696a27
b1b09203-60c2-421a-a59c-9dbc126eb44a	2023-03-08 00:00:00	Hiihto		23a47b66-cd2e-4a9c-ab78-d6b1a8e5643f
54d1f6bc-39c3-4cb8-b0b5-b179fa60dc2e	2023-03-08 00:00:00	Uinti		b440f076-efa4-4a4d-b153-d503f875ebd9
c3a67d69-4acc-4673-984e-1905a7b3833d	2023-03-11 00:00:00	Baletti		c42525f7-172d-4d1f-9bf1-96bbed39414f
556446ed-89a7-43e4-b9b5-00abe95eceba	2023-03-11 00:00:00	Baletti		c42525f7-172d-4d1f-9bf1-96bbed39414f
6f022179-e8e8-427f-b8fa-fb290acc84f4	2023-03-06 00:00:00	Kuviokellunta		c42525f7-172d-4d1f-9bf1-96bbed39414f
fd4d4437-ad2e-42f8-bff9-7ce1b0bb819d	2023-03-12 00:00:00	Hiihto		23a47b66-cd2e-4a9c-ab78-d6b1a8e5643f
cc062cb4-8bad-4b3c-89fe-f5196d97b7a3	2023-03-16 00:00:00	Tasapaino ja kamppailu		23a47b66-cd2e-4a9c-ab78-d6b1a8e5643f
5cc80167-2cf8-44f3-bd07-aaf7e4d32170	2023-03-16 00:00:00	Hiihto		0df0a9e8-d7d4-4a24-a2ad-e5f263696a27
d0c10212-08a6-44f8-ad34-cc0edb65b78f	2023-03-16 00:00:00	Sisäpalloilu		0af98668-1b27-481f-a1c1-54b3d775ee51
2859c556-656e-4367-a4b3-eeb0efa6bd86	2023-03-16 00:00:00	Sisäpalloilu		0af98668-1b27-481f-a1c1-54b3d775ee51
a9f2c498-9fa5-4af6-897d-fdb395002668	2023-03-17 00:00:00	Sähly		1d45a2c2-1ae0-4068-adf4-d09fb4d6f31d
efe31604-e6fc-418e-ba94-4cc9b5955ef8	2023-03-17 00:00:00	Pariakrobatia		23a47b66-cd2e-4a9c-ab78-d6b1a8e5643f
fb2ac5a0-bd74-48ee-982a-f9f0a8fe8c75	2023-03-19 00:00:00	Koripallo		1d45a2c2-1ae0-4068-adf4-d09fb4d6f31d
77b749a1-1322-4918-a8a3-75e5907d24c8	2023-03-14 00:00:00	Baletti		1d45a2c2-1ae0-4068-adf4-d09fb4d6f31d
dd81081e-3ed6-4807-99e9-988af80153fc	2023-03-19 00:00:00	Sähly		909b50c8-56c4-4618-bb55-e1a1feb7f1a9
39716719-b0c7-4f70-87eb-221191db0e11	2023-03-20 00:00:00	Koripallo		1d45a2c2-1ae0-4068-adf4-d09fb4d6f31d
bcaee1c8-84d7-442a-8080-f8cd3b64d5c9	2023-03-20 00:00:00	Uinti/pojat		e61dbeae-376b-4fac-bd5b-7441b0533ee9
d9f552e0-8d39-43a7-9274-dfb573e5dc72	2023-03-20 00:00:00	Sähly		1d45a2c2-1ae0-4068-adf4-d09fb4d6f31d
590fdce8-d6e8-471a-80f2-3864cb836225	2023-03-20 00:00:00	Jalkapallo		0df0a9e8-d7d4-4a24-a2ad-e5f263696a27
c051a687-6906-40ae-ac84-8be73bac41dd	2023-03-21 00:00:00	Uusi arviointi		a7ad6f5b-6359-4351-9462-84e804a63861
5ce16688-56df-465d-bfb4-04d94f86a484	2023-03-21 00:00:00	Pesäpallo		909b50c8-56c4-4618-bb55-e1a1feb7f1a9
8c1fb18f-3e3f-4dd5-915e-91232a2d6845	2023-03-22 00:00:00	Välinevoimistelu		23a47b66-cd2e-4a9c-ab78-d6b1a8e5643f
dda6bf2e-e54b-4d84-b5f4-991ebe0e3c89	2023-03-22 00:00:00	Sähly		1d45a2c2-1ae0-4068-adf4-d09fb4d6f31d
1966f8dd-9773-4d94-a99b-f078a09f06f9	2023-03-22 00:00:00	Baletti		1d45a2c2-1ae0-4068-adf4-d09fb4d6f31d
61dae344-c6b1-465d-890c-d542dcd25a4b	2023-03-22 00:00:00	Sähly		018cd027-6fa7-468f-b53a-cee9bbf557cf
0b6aeb65-5d32-46cb-9c00-bb7579506258	2023-03-22 00:00:00	Koripallo		1dffd2ea-91a3-4f2f-a001-ca61df2631b8
79820907-8332-42aa-9f52-a85b12399a81	2023-03-22 00:00:00	Norsupalloa/koris/lenis		d2dd3387-7d32-4ab0-bafb-a04aa89621d6
f4a7e9cf-9517-4298-8105-bd53e48e58cf	2023-03-22 00:00:00	Norsupallo/lentopallo/koris		d2dd3387-7d32-4ab0-bafb-a04aa89621d6
4029717a-ba95-4c26-abfe-453df2616d81	2023-03-22 00:00:00	Ryhmäytymispelejä/käsijalista		9c0fff82-1597-4447-84d2-28051ef96223
a5fa9792-b348-44fd-8ee8-e57e10c8955c	2023-03-22 00:00:00	Ryhmäytymisharjoitteita/käsijalista		e61dbeae-376b-4fac-bd5b-7441b0533ee9
0eaa72d6-b26f-4e88-83f6-ea5067da86fa	2023-03-22 00:00:00	Kuntosali ja alkulämppä liikkasalissa (osa tytöistä uimassa)		110c9dff-5530-4184-baf5-bb6bb05bb40f
59112129-45d6-4235-b579-92e2522a25a1	2023-03-23 00:00:00	Hiihto		0df0a9e8-d7d4-4a24-a2ad-e5f263696a27
2e4bb8b8-eac7-4e18-9e4a-fce545f8899b	2023-03-23 00:00:00	Luistelu		0df0a9e8-d7d4-4a24-a2ad-e5f263696a27
598aa503-e92b-44e2-9eda-b8dd22dff167	2023-03-23 00:00:00	Baletti		e61dbeae-376b-4fac-bd5b-7441b0533ee9
51983e05-c043-4a3e-8998-9f4c032cdf86	2023-03-23 00:00:00	Akrobatia/kehonhuolto		1811d42e-eb46-4b97-a067-8d91a4c60bd1
7a43853a-3729-48b6-83ff-bd9f21a4a9c9	2023-03-23 00:00:00	Pesäpallo		909b50c8-56c4-4618-bb55-e1a1feb7f1a9
6216742f-6ee1-4b07-bb6c-8ce031ede1dd	2023-03-23 00:00:00	Koripallo		909b50c8-56c4-4618-bb55-e1a1feb7f1a9
c854e589-492b-4b38-97fe-1c8717aa68ac	2023-03-23 00:00:00	Sähly		909b50c8-56c4-4618-bb55-e1a1feb7f1a9
bca98182-4fea-4c2b-b829-6745f99e0321	2023-03-23 00:00:00	Sähly		909b50c8-56c4-4618-bb55-e1a1feb7f1a9
d9b24ed1-04ba-4bbf-96f6-cc0db42ae882	2023-03-27 00:00:00	Polttopallo/patjaralli/koris		e61dbeae-376b-4fac-bd5b-7441b0533ee9
788ded55-48ae-4d16-8db3-ff89f8b3b16d	2023-03-27 00:00:00	Välinevoimistelu		23a47b66-cd2e-4a9c-ab78-d6b1a8e5643f
f4ed3757-8623-42a2-a683-4d550a9b6f65	2023-03-27 00:00:00	Sähly		909b50c8-56c4-4618-bb55-e1a1feb7f1a9
b54b2774-53ec-4efe-9957-926827ff6edb	2023-03-27 00:00:00	Koripallo		909b50c8-56c4-4618-bb55-e1a1feb7f1a9
a43b826d-f7d2-4f07-8a9d-02bf8a8d29eb	2023-03-27 00:00:00	Koripallo		909b50c8-56c4-4618-bb55-e1a1feb7f1a9
6f513f04-4466-446d-b0a8-a46b53e4a416	2023-03-27 00:00:00	Koripallo		898ff823-e78c-4e67-b485-f81f2b3def1d
fe6e6f85-e1fa-4534-b6c8-772ff64c9c3d	2023-03-27 00:00:00	Baletti		898ff823-e78c-4e67-b485-f81f2b3def1d
de687f93-05ec-4f40-b524-15aefde3eeb2	2023-03-27 00:00:00	Sähly		909b50c8-56c4-4618-bb55-e1a1feb7f1a9
3edd6c2b-69fe-421c-b1d0-96dd69d61035	2023-03-27 00:00:00	Koripallo		898ff823-e78c-4e67-b485-f81f2b3def1d
1b994224-f869-4001-9336-6c5d07fe8e39	2023-03-27 00:00:00	Hankipelit/sali/puntti		1811d42e-eb46-4b97-a067-8d91a4c60bd1
f204db7e-8c50-4205-8253-2c4295f4cc23	2023-03-28 00:00:00	Sähly		1d45a2c2-1ae0-4068-adf4-d09fb4d6f31d
9ccac28e-da82-42b1-b5d1-d632e88c9009	2023-03-28 00:00:00	Sali/palloilu		1811d42e-eb46-4b97-a067-8d91a4c60bd1
b2141604-d8a2-4f1f-afe5-c6ea3875d0cd	2023-03-29 00:00:00	Lentopallo		23a47b66-cd2e-4a9c-ab78-d6b1a8e5643f
e3c72671-2c10-4d64-95e1-107809ee55f2	2023-03-29 00:00:00	Koripallo		1d45a2c2-1ae0-4068-adf4-d09fb4d6f31d
3764fe1b-0d84-458d-9114-1da14ad918db	2023-03-29 00:00:00	Hiihto		0df0a9e8-d7d4-4a24-a2ad-e5f263696a27
6a37546c-13d8-4f61-baa7-5435d2c92e8e	2023-03-29 00:00:00	Sähly		898ff823-e78c-4e67-b485-f81f2b3def1d
fa6f0ef3-9e0b-49a1-a73c-4165012ce847	2023-03-29 00:00:00	Moi		b440f076-efa4-4a4d-b153-d503f875ebd9
f4860d37-f4ca-4ba4-8970-6bb133f22cd3	2023-03-29 00:00:00	Sähly		018cd027-6fa7-468f-b53a-cee9bbf557cf
f60cf3aa-428c-42ac-984e-6f4e8ebdef25	2023-03-29 00:00:00	Sähly		909b50c8-56c4-4618-bb55-e1a1feb7f1a9
fb37655d-6494-4657-9055-5e6a24b61e2a	2023-03-29 00:00:00	Talviliikunta		2556b6a9-4cab-4b65-99fe-94f5cf5d9123
cad9f7d4-a5c1-4ff2-9b94-edcb84b13a47	2023-03-30 00:00:00	Pehmopesis, sähly/lenis		d2dd3387-7d32-4ab0-bafb-a04aa89621d6
7a90bdaa-e683-4a3d-8d4f-78c56fab3e13	2023-03-30 00:00:00	Pehmopesis / koris /Jaffa		e61dbeae-376b-4fac-bd5b-7441b0533ee9
e9ca0e55-45fd-4c1a-b588-c07ae30bfaea	2023-03-30 00:00:00	Pehmopesis/sulis/sähly		9c0fff82-1597-4447-84d2-28051ef96223
c222d9c2-e979-47cd-b545-1803e2849a9e	2023-03-30 00:00:00	Uinti pojat		110c9dff-5530-4184-baf5-bb6bb05bb40f
133614c5-d3fc-428f-8335-61138f56923f	2023-03-30 00:00:00	Palloilu		23a47b66-cd2e-4a9c-ab78-d6b1a8e5643f
\.


--
-- TOC entry 2984 (class 0 OID 25335)
-- Dependencies: 202
-- Data for Name: Group; Type: TABLE DATA; Schema: public; Owner: -
--

COPY public."Group" (id, name, "teacherId") FROM stdin;
293d7530-587a-4b1a-b216-585601c65f30	Uusi luokka	a44319a9-1556-4e03-b825-48b8648a4699
7ceb709a-05c1-408b-912c-f8196c3b8694	Toinen luokka	a44319a9-1556-4e03-b825-48b8648a4699
176d8452-d61a-4115-9c3e-cfeb2c990daa	Kolmas luokka	a44319a9-1556-4e03-b825-48b8648a4699
a5e350b6-8d0e-40da-a480-a9146a6eb556	Neljäs luokka	a44319a9-1556-4e03-b825-48b8648a4699
8c596bfe-60ff-4649-a27e-bddc4c81aa7e	Uusi luokka	5b637712-3af1-46a2-aeb0-a4a016b134bc
f3bf4d11-99a7-4ec9-a8a5-cc5743424a92	Toinen luokka	5b637712-3af1-46a2-aeb0-a4a016b134bc
1dc7d4c5-27c3-49c4-80de-9afdd54d69a1	Testi luokka	5b637712-3af1-46a2-aeb0-a4a016b134bc
69f26527-bdb1-4e38-b999-9f2481fd62f6	Testi luokka	5b637712-3af1-46a2-aeb0-a4a016b134bc
54fac98f-4253-487e-9e4e-e0ef4ae2443a	Testi luokka	8548a9c5-dfdb-48e6-936d-f221845157b4
b5e709c0-8913-42b6-82b0-04d702347380	Joku luokka	8548a9c5-dfdb-48e6-936d-f221845157b4
b440f076-efa4-4a4d-b153-d503f875ebd9	7AB	4f38a727-897b-40d0-a974-cf8a7d2efda1
aff9ac1f-ab9d-4d21-a161-408240f222d6	7B	1112c6f9-bfbf-4207-83cd-910ffe0582f2
eab532a9-07cc-4c9d-b11a-2d4ddb84996d	9A	1112c6f9-bfbf-4207-83cd-910ffe0582f2
54d739bd-6c9f-48df-850c-78a43ed48a61	13b	1112c6f9-bfbf-4207-83cd-910ffe0582f2
0df0a9e8-d7d4-4a24-a2ad-e5f263696a27	Testi iso ryhmä	4f38a727-897b-40d0-a974-cf8a7d2efda1
23a47b66-cd2e-4a9c-ab78-d6b1a8e5643f	4AC	4f38a727-897b-40d0-a974-cf8a7d2efda1
c42525f7-172d-4d1f-9bf1-96bbed39414f	Nooran ryhmä	96549af2-ad08-4066-b742-cb1048b3876d
e61dbeae-376b-4fac-bd5b-7441b0533ee9	LI 7a/a	c71a57e7-5fb0-452d-88b0-f96072f8be2d
d10ea676-6b5a-4284-af0f-445570cd43a0	TE02	c71a57e7-5fb0-452d-88b0-f96072f8be2d
1811d42e-eb46-4b97-a067-8d91a4c60bd1	LI01	c71a57e7-5fb0-452d-88b0-f96072f8be2d
9c0fff82-1597-4447-84d2-28051ef96223	LI 7b	c71a57e7-5fb0-452d-88b0-f96072f8be2d
110c9dff-5530-4184-baf5-bb6bb05bb40f	LI 9a/9b	c71a57e7-5fb0-452d-88b0-f96072f8be2d
8eda8460-b4f6-4ed0-b43a-253608ef0298	Valinnainen LI 8a/8b	c71a57e7-5fb0-452d-88b0-f96072f8be2d
1dffd2ea-91a3-4f2f-a001-ca61df2631b8	Eka ryhmä	185a9cc2-8497-493f-94da-65abda04a320
0af98668-1b27-481f-a1c1-54b3d775ee51	Li 8a/8b	c71a57e7-5fb0-452d-88b0-f96072f8be2d
1d45a2c2-1ae0-4068-adf4-d09fb4d6f31d	6B	483e736f-00a6-46d1-a1c3-3099eb626012
d2dd3387-7d32-4ab0-bafb-a04aa89621d6	VLI 9a/9b	c71a57e7-5fb0-452d-88b0-f96072f8be2d
898ff823-e78c-4e67-b485-f81f2b3def1d	Uusi ryhmä	483e736f-00a6-46d1-a1c3-3099eb626012
f41bbb87-21b0-4ad2-a264-2aa78798e166	Uusi ryhmä	483e736f-00a6-46d1-a1c3-3099eb626012
d1456ac8-0b0d-4d5c-8dd5-8b69383da6d4	Teppo Testaaja	483e736f-00a6-46d1-a1c3-3099eb626012
88e7273d-605d-483a-ae82-2c548472a6ec	Tapitus	483e736f-00a6-46d1-a1c3-3099eb626012
a7ad6f5b-6359-4351-9462-84e804a63861	Terve	483e736f-00a6-46d1-a1c3-3099eb626012
909b50c8-56c4-4618-bb55-e1a1feb7f1a9	Kettujen kerho	483e736f-00a6-46d1-a1c3-3099eb626012
018cd027-6fa7-468f-b53a-cee9bbf557cf	9A	483e736f-00a6-46d1-a1c3-3099eb626012
2556b6a9-4cab-4b65-99fe-94f5cf5d9123	A	45f62aaf-431d-478a-96b2-629928472f0f
11f9a50c-6d6d-405e-882d-dd0d828980c5	B	45f62aaf-431d-478a-96b2-629928472f0f
\.


--
-- TOC entry 2987 (class 0 OID 25360)
-- Dependencies: 205
-- Data for Name: Student; Type: TABLE DATA; Schema: public; Owner: -
--

COPY public."Student" (id, name, "groupId") FROM stdin;
81f9f274-c50a-4b30-b0f5-15c1479b942c	Daniel	0af98668-1b27-481f-a1c1-54b3d775ee51
213addc7-6d5d-4a39-95bf-ded6afa510a6	Elli	0af98668-1b27-481f-a1c1-54b3d775ee51
dc43f223-8b76-457a-b035-8b186320bdea	Enni	0af98668-1b27-481f-a1c1-54b3d775ee51
2487435b-5598-4a44-bc31-f93ed8a2ec43	Pinja	0af98668-1b27-481f-a1c1-54b3d775ee51
8769cf20-6d36-42a5-ac40-bb9f4c9c09bb	Aku	0af98668-1b27-481f-a1c1-54b3d775ee51
49c4aeec-3a4e-4761-b3cf-2546381857f7	Heidi	0af98668-1b27-481f-a1c1-54b3d775ee51
e533765b-6b86-4f98-b4e7-c8ed54669c04	Pettero	69f26527-bdb1-4e38-b999-9f2481fd62f6
fd8edc31-0986-455a-8ede-7e5f52bab3d8	Marjatta	69f26527-bdb1-4e38-b999-9f2481fd62f6
cbaa595d-ff23-4c6a-b537-62adcb859b43	Arvo	69f26527-bdb1-4e38-b999-9f2481fd62f6
b8bc48bb-2b86-415c-837f-dbad58dd3e2d	Eemeli	0af98668-1b27-481f-a1c1-54b3d775ee51
f826618b-cee5-4d6c-bcde-27e7a74a0b63	Liana	0af98668-1b27-481f-a1c1-54b3d775ee51
a2a3736c-4cbd-43f4-b8e4-8041a2b9d8f5	Vili	0af98668-1b27-481f-a1c1-54b3d775ee51
cc64e9d2-eb80-4755-93f7-3711fe3d2dd0	Eetu-Viljo	0af98668-1b27-481f-a1c1-54b3d775ee51
7c413b7f-9005-43a9-9b44-1984a23ae65f	Konsta	0af98668-1b27-481f-a1c1-54b3d775ee51
f96609c4-4c21-4b74-8523-f2c3b78d4c49	Helmi	0af98668-1b27-481f-a1c1-54b3d775ee51
c7a9dddd-29a9-4698-991f-ecab63cf6fd0	Jermu	0af98668-1b27-481f-a1c1-54b3d775ee51
60d0dce2-79cf-4c2c-86ec-e1f5a19bc60a	Reetta	0af98668-1b27-481f-a1c1-54b3d775ee51
7b55eeb0-4468-4696-b2fd-a50a7e058ec5	Henry	0af98668-1b27-481f-a1c1-54b3d775ee51
bf6a64c8-9929-4dff-84b1-ddc2610a39ea	Eetu Kalapudas	b440f076-efa4-4a4d-b153-d503f875ebd9
afb3877f-5868-478e-8359-b83d10f1b806	Leevi Huuskola	b440f076-efa4-4a4d-b153-d503f875ebd9
5264810a-e588-42d0-bf5f-7391a9cf5c9e	Ekku Sipinen	b440f076-efa4-4a4d-b153-d503f875ebd9
25ba77b8-721c-4c32-b5c6-97ea194d2958	Aapeli	0af98668-1b27-481f-a1c1-54b3d775ee51
081d3462-484c-45f4-b7df-9eef1712d829	Eeva	0af98668-1b27-481f-a1c1-54b3d775ee51
d04c2d81-ce92-4221-990a-64c5e1142ee9	Kaspian	0af98668-1b27-481f-a1c1-54b3d775ee51
74c83e0a-3e21-4c01-b18a-a81f7e089d64	Juuli	0af98668-1b27-481f-a1c1-54b3d775ee51
9f830199-bde9-43a4-84e9-986992a1e3d3	Linnea	0af98668-1b27-481f-a1c1-54b3d775ee51
750d8c1e-30f2-49fc-a445-7acdb4bff78e	Aada	0af98668-1b27-481f-a1c1-54b3d775ee51
ad497eb6-6b41-4f04-97ac-cfff98b8cbae	Ilona	0af98668-1b27-481f-a1c1-54b3d775ee51
c4365db1-b405-4aac-ad56-4f21780797c0	Stella	0af98668-1b27-481f-a1c1-54b3d775ee51
5ba55904-fc97-4cc9-a015-d32e7ab8c3d2	Maija	0af98668-1b27-481f-a1c1-54b3d775ee51
eac386e1-ca07-42b6-9817-50f1d1081903	Eedla	0af98668-1b27-481f-a1c1-54b3d775ee51
0d39a916-dd79-4bc8-b493-771b456ed8ce	Martti	0af98668-1b27-481f-a1c1-54b3d775ee51
e25eac4b-ed6a-433b-b311-c27ea3f1faa4	Väinö	0af98668-1b27-481f-a1c1-54b3d775ee51
4b6cfdbe-4ea5-4ff4-b187-77b13c55f894	Kristian	0af98668-1b27-481f-a1c1-54b3d775ee51
423ad9ea-e868-49c8-a31d-1dbb6e0c4422	Ella	0af98668-1b27-481f-a1c1-54b3d775ee51
d37acd3c-5742-4ca1-b728-ac07ef43baad	Ekku	aff9ac1f-ab9d-4d21-a161-408240f222d6
7c5e53dc-057f-4e9f-adce-211491e0de78	Leevi	aff9ac1f-ab9d-4d21-a161-408240f222d6
5b490aa5-5292-4542-9b98-dfece57314f5	Leevi	eab532a9-07cc-4c9d-b11a-2d4ddb84996d
5b16baaa-2cae-425b-a704-7d93b3ee20b3	Eetu	eab532a9-07cc-4c9d-b11a-2d4ddb84996d
6f81f297-6909-4522-a0f2-9729833a2f97	Ekku	eab532a9-07cc-4c9d-b11a-2d4ddb84996d
a94818ef-1b6d-4489-8c0b-f1667cb7cb82	Mona	0af98668-1b27-481f-a1c1-54b3d775ee51
84c79ed7-b6e3-488d-93e7-0462a6e51139	Oppilas	018cd027-6fa7-468f-b53a-cee9bbf557cf
2c42a7d7-10ee-46d8-b057-103c9d3773d9	Toinen	018cd027-6fa7-468f-b53a-cee9bbf557cf
ffcd87aa-e63f-4a34-a82b-ec98c80ff979	Leevi	54d739bd-6c9f-48df-850c-78a43ed48a61
b9f75da6-4587-44ca-b3f3-a5bdbaa9fd90	Ekku	54d739bd-6c9f-48df-850c-78a43ed48a61
16c2d264-2e7c-452d-980a-114909d369f3	Eetu	54d739bd-6c9f-48df-850c-78a43ed48a61
789e18c3-638d-4651-be65-ec0a1661539f	Sakke M	0df0a9e8-d7d4-4a24-a2ad-e5f263696a27
3e6e5df9-5dfa-4ca7-9a45-d715cff22c70	Netta K	0df0a9e8-d7d4-4a24-a2ad-e5f263696a27
a722bd23-2313-44d9-a0c6-82a5270900a8	Leevi H	0df0a9e8-d7d4-4a24-a2ad-e5f263696a27
4fa0db05-161f-4165-b00c-52528866490c	Eetu K	0df0a9e8-d7d4-4a24-a2ad-e5f263696a27
d77c55c5-670a-4bc5-bf46-5ff9662077f6	Ekku S	0df0a9e8-d7d4-4a24-a2ad-e5f263696a27
dc2a0312-bdaf-45d4-b3a4-9c3216012e4b	Irmeli R	0df0a9e8-d7d4-4a24-a2ad-e5f263696a27
17a303e2-58b9-434a-b0e3-a3227ba197dc	Jalmari S	0df0a9e8-d7d4-4a24-a2ad-e5f263696a27
f8d6ffe2-7f9a-4126-9e27-9d374e3ab509	Sakari L	0df0a9e8-d7d4-4a24-a2ad-e5f263696a27
8cc39180-992f-41be-88d7-d798fc88abe0	Pietu F	0df0a9e8-d7d4-4a24-a2ad-e5f263696a27
45d76ed8-35ff-473d-b70c-92c0762d7a89	Perttu H	0df0a9e8-d7d4-4a24-a2ad-e5f263696a27
5a07f60b-4776-4160-947b-fe207b5d64e5	Merja K	0df0a9e8-d7d4-4a24-a2ad-e5f263696a27
55d97917-9df6-48ee-9afe-cbbfa0fe1796	Timi S	0df0a9e8-d7d4-4a24-a2ad-e5f263696a27
cac00e26-1bd0-47c3-b2a8-4eb754562d6d	Jaakko K	0df0a9e8-d7d4-4a24-a2ad-e5f263696a27
08d712ee-e2bc-4ca6-9660-fa986c4c4158	Jaska J	0df0a9e8-d7d4-4a24-a2ad-e5f263696a27
ac28c6c7-0004-4f66-9e60-a175d8f2cdb7	Veeti V	0df0a9e8-d7d4-4a24-a2ad-e5f263696a27
5e8a31cb-3ca8-4d0d-9489-dc20d318827b	Jonne K	0df0a9e8-d7d4-4a24-a2ad-e5f263696a27
d4a4ffc6-fd8b-45ae-82a2-f49d61729300	Sami M	0df0a9e8-d7d4-4a24-a2ad-e5f263696a27
72a6f1b1-63cd-48fd-9aed-7fd8bd8c8ddf	Ville K	0df0a9e8-d7d4-4a24-a2ad-e5f263696a27
7131d54d-4686-4ca4-8a4f-cf090eaa7d5e	Kalle V	0df0a9e8-d7d4-4a24-a2ad-e5f263696a27
8f2c8d2d-5ffd-42ae-abd0-cce3cddc1dff	Frans S	0df0a9e8-d7d4-4a24-a2ad-e5f263696a27
9a8e559f-1792-4dbf-b515-2bff3261aaf6	Severi X	0df0a9e8-d7d4-4a24-a2ad-e5f263696a27
14c62b14-21d5-468c-b04f-89d60b2efc76	Topi	1d45a2c2-1ae0-4068-adf4-d09fb4d6f31d
fa6f162f-c93d-497c-b27b-9a6450a4a6ad	Mestarikettu	909b50c8-56c4-4618-bb55-e1a1feb7f1a9
b7f30805-1362-4532-87a5-7d46e8ea0f42	Kettu	f41bbb87-21b0-4ad2-a264-2aa78798e166
c942743a-d10b-4460-bc99-44ea941f6f8f	Alina Ahola	23a47b66-cd2e-4a9c-ab78-d6b1a8e5643f
f03779c1-9d87-439c-8d95-14e384c7d2c0	Olavi Hakaniemi	23a47b66-cd2e-4a9c-ab78-d6b1a8e5643f
9b14ff5e-b7da-446f-bf7b-601d7a7a5a86	Saara Ikkala	23a47b66-cd2e-4a9c-ab78-d6b1a8e5643f
e71cd959-78a0-4843-af83-1e8e741e7edf	Joosua Jaakonaho	23a47b66-cd2e-4a9c-ab78-d6b1a8e5643f
05c4f013-bc9a-4155-925b-6f8485bb5378	Julius Jussinmäki	23a47b66-cd2e-4a9c-ab78-d6b1a8e5643f
5bbc08f9-01e0-4911-9a6a-38790219ce2a	Ossi Järvinen	23a47b66-cd2e-4a9c-ab78-d6b1a8e5643f
e1efe28e-64c5-402b-a692-0f795a6293c8	Lotta Kaistinen	23a47b66-cd2e-4a9c-ab78-d6b1a8e5643f
148a28ac-012b-44c4-b684-87a00ace9c72	Anette Karhu	23a47b66-cd2e-4a9c-ab78-d6b1a8e5643f
cbffcbc6-7d16-4e3b-845d-0f0397dcca9e	Fanny Lamminmäki	23a47b66-cd2e-4a9c-ab78-d6b1a8e5643f
f4fc8254-27a5-4a0d-aca1-03b85e4020ab	Lauri Marjonkorpi	23a47b66-cd2e-4a9c-ab78-d6b1a8e5643f
af2c74f6-f7ed-4bf3-94cd-63b0d228dd6f	Sofia Melnikova	23a47b66-cd2e-4a9c-ab78-d6b1a8e5643f
a639981f-4bf0-4871-b264-00ad02a9a286	Caius Montonen	23a47b66-cd2e-4a9c-ab78-d6b1a8e5643f
c67dd576-d4c0-4d3d-82ec-9e20e69c629e	Taimi Pirttiniemi	23a47b66-cd2e-4a9c-ab78-d6b1a8e5643f
36920386-dc0f-4b52-aacc-ca4b36d3ac9b	Reino Tuomi	23a47b66-cd2e-4a9c-ab78-d6b1a8e5643f
bde08c48-5140-47eb-b28b-ce5c86ea8f46	Hilma Lipponen	23a47b66-cd2e-4a9c-ab78-d6b1a8e5643f
932b4426-7f6d-46ff-a9c4-a9fc697ddc23	Stella Danska	23a47b66-cd2e-4a9c-ab78-d6b1a8e5643f
337a0f47-25f6-4328-9116-a8f05affa20f	Moi	d1456ac8-0b0d-4d5c-8dd5-8b69383da6d4
983a1efb-e761-4777-8d54-2914bff556af	Moimoi	88e7273d-605d-483a-ae82-2c548472a6ec
5c6ab41c-30dc-4f02-9c31-4d691b5469e8	Noora	c42525f7-172d-4d1f-9bf1-96bbed39414f
c8e4a140-1c7a-4b6b-b04b-86711a322f58	Ekku	c42525f7-172d-4d1f-9bf1-96bbed39414f
fd559fc1-965a-485c-a34d-1a1d26b8a655	Miksu	c42525f7-172d-4d1f-9bf1-96bbed39414f
d8749772-8bf9-4840-a843-8c117837ade6	Leevi	c42525f7-172d-4d1f-9bf1-96bbed39414f
e9969c0d-58a3-4bcd-b301-5690b7290aa5	Onni	e61dbeae-376b-4fac-bd5b-7441b0533ee9
42a4fefd-c72e-4707-b0d6-14fd9bd80379	Eemeli	e61dbeae-376b-4fac-bd5b-7441b0533ee9
dadb6322-e514-4a92-b22b-ab9357a4ac32	Jussi	e61dbeae-376b-4fac-bd5b-7441b0533ee9
a9fb1e6c-0ef3-4c54-99a9-3c81384b898a	Topi	e61dbeae-376b-4fac-bd5b-7441b0533ee9
5323b55b-5fa9-4285-b48a-dbf0a19c3bef	Topias	e61dbeae-376b-4fac-bd5b-7441b0533ee9
26d1e5d6-23ea-4577-b7d1-7a54e5e29900	Kalle	e61dbeae-376b-4fac-bd5b-7441b0533ee9
1e2db5dd-c171-460e-bf48-4bc55f04f49e	Taavi	e61dbeae-376b-4fac-bd5b-7441b0533ee9
046a3d24-b93f-44d1-ae1b-aa628e141bae	Elias	e61dbeae-376b-4fac-bd5b-7441b0533ee9
9a266a36-b61a-4e0e-904c-6d682889a1eb	Kolmas	f41bbb87-21b0-4ad2-a264-2aa78798e166
54849551-9b78-42a1-8d78-d205094d9ce1	Neljäs	f41bbb87-21b0-4ad2-a264-2aa78798e166
6ca84074-2b24-4a84-8839-e52af8f7e37a	Uusi oppilas	f41bbb87-21b0-4ad2-a264-2aa78798e166
1bfe1081-74af-4d2e-b2b8-21308464eb60	Terve	f41bbb87-21b0-4ad2-a264-2aa78798e166
848fd8bc-0ca5-431b-ad7b-a99542621b77	Kuudes	f41bbb87-21b0-4ad2-a264-2aa78798e166
f97c697b-2e24-43ee-af79-5adaf0fc8bf9	Seitsemäs	f41bbb87-21b0-4ad2-a264-2aa78798e166
a37dd7ab-82b3-41ed-b2a4-8213902dd004	Robertti	1d45a2c2-1ae0-4068-adf4-d09fb4d6f31d
44af4d28-bf42-438d-aa9b-9bf9de75b9a2	Leevi jee	1d45a2c2-1ae0-4068-adf4-d09fb4d6f31d
bf05969b-0fcf-4617-a8ea-340ae3a7d9ca	Eka	1dffd2ea-91a3-4f2f-a001-ca61df2631b8
f925429c-08cc-4cba-b5d4-d63ccf818c49	Mikael Ruotsalainen	909b50c8-56c4-4618-bb55-e1a1feb7f1a9
c2ae2a6b-93f6-4dc5-bcb9-1f90a26c11d8	Toka	1dffd2ea-91a3-4f2f-a001-ca61df2631b8
acc6bd27-98a0-466b-905a-49ce14893164	Oppilas	a7ad6f5b-6359-4351-9462-84e804a63861
75781560-0e76-47c3-aee8-b609c8a531ba	Toinen	a7ad6f5b-6359-4351-9462-84e804a63861
c1bc0aad-ed6e-413f-b8e1-f17caf5503f5	Kolmas	a7ad6f5b-6359-4351-9462-84e804a63861
b3cd0e7a-76cc-4a81-adfa-3fcb8259ce93	Neljäs	a7ad6f5b-6359-4351-9462-84e804a63861
5b0a3d1b-efdc-4ec5-a0f5-50e84e66966e	Kolmas	1dffd2ea-91a3-4f2f-a001-ca61df2631b8
16149225-d420-4254-88de-36f235415650	Isla	d2dd3387-7d32-4ab0-bafb-a04aa89621d6
7af2670e-d622-44de-9458-0e3490224f19	Jonni	d2dd3387-7d32-4ab0-bafb-a04aa89621d6
d19cd645-fa1d-4e74-a7c8-ec4b4b612983	Jonne	d2dd3387-7d32-4ab0-bafb-a04aa89621d6
143f673e-f9e3-4c24-a7b2-6f7c9ee22499	Julia-(karoliina)	d2dd3387-7d32-4ab0-bafb-a04aa89621d6
1da042e5-4175-4c5e-b1e1-044b2c67c3af	Nuppu	d2dd3387-7d32-4ab0-bafb-a04aa89621d6
eb96e883-bf2d-4482-b8c9-6d272ee35354	Tuukka	d2dd3387-7d32-4ab0-bafb-a04aa89621d6
5f2d8cba-c89d-4dee-b204-911a7f658599	Raisa	d2dd3387-7d32-4ab0-bafb-a04aa89621d6
41403fd8-289f-42b0-8d4f-4f8f2d47898d	Ilari	d2dd3387-7d32-4ab0-bafb-a04aa89621d6
898eaa06-334f-4446-98b3-2368ad2b6cef	Riina	d2dd3387-7d32-4ab0-bafb-a04aa89621d6
052654dc-bfba-4092-85d4-6894c908f9b1	Santeri	d2dd3387-7d32-4ab0-bafb-a04aa89621d6
a9823635-cc6a-4026-ad85-423287d7ec49	Henri	d2dd3387-7d32-4ab0-bafb-a04aa89621d6
b015f02b-0e21-4f21-93d4-8497311b6490	Joona	d2dd3387-7d32-4ab0-bafb-a04aa89621d6
4cdb20f7-d8a7-480c-9379-bbe14d95d933	Joonatan	d2dd3387-7d32-4ab0-bafb-a04aa89621d6
82907cc5-83bb-4c40-ac86-66a67bc9f5eb	Teresa	d2dd3387-7d32-4ab0-bafb-a04aa89621d6
13e55cbe-ac55-47e1-b4d0-cc80073762e4	Selma	d2dd3387-7d32-4ab0-bafb-a04aa89621d6
404347be-f571-4254-b055-a06e9a9962f9	Adelie	e61dbeae-376b-4fac-bd5b-7441b0533ee9
686241e9-7a4e-4eb6-bc99-26699999001b	Milla	e61dbeae-376b-4fac-bd5b-7441b0533ee9
2e03b196-3248-4f14-9f2d-4661e503665d	Iida	e61dbeae-376b-4fac-bd5b-7441b0533ee9
b9266745-39ba-4be3-b1a1-421801b79832	Mandi	e61dbeae-376b-4fac-bd5b-7441b0533ee9
799b59e5-c962-4f19-9f9d-01518c57a550	Eelis	e61dbeae-376b-4fac-bd5b-7441b0533ee9
74e88236-472e-41ea-9475-73c94489ae2e	Helmi	e61dbeae-376b-4fac-bd5b-7441b0533ee9
6ebad098-c9d7-4dd2-8e64-6dd6d0d5d859	Iita	e61dbeae-376b-4fac-bd5b-7441b0533ee9
2209c4b3-b0d6-4858-9fa0-74c9b589442c	Outi	e61dbeae-376b-4fac-bd5b-7441b0533ee9
4943ad21-7f08-4b45-8d6c-7cccbfb05562	Riikka	e61dbeae-376b-4fac-bd5b-7441b0533ee9
0819eeb9-9a87-40ba-8f9a-45cacf4a2d18	Camilla	e61dbeae-376b-4fac-bd5b-7441b0533ee9
e2c637e8-f394-4a5a-926f-1f9888a7dc98	Jouni	9c0fff82-1597-4447-84d2-28051ef96223
67c02902-d7e2-47e1-abef-9d1ae14a3da5	Melinda	9c0fff82-1597-4447-84d2-28051ef96223
b05b035e-4867-40c1-965e-f60630bfa457	Sani	9c0fff82-1597-4447-84d2-28051ef96223
24007058-ca39-4c69-9004-c3d29b441fb3	Jiri	9c0fff82-1597-4447-84d2-28051ef96223
2dd7377d-323a-4e73-9a14-5962ec2b8a58	Oskari	9c0fff82-1597-4447-84d2-28051ef96223
b43981e9-6f50-4908-b225-1f5d5a70c68e	Albert	9c0fff82-1597-4447-84d2-28051ef96223
1d4f1fb5-3d14-4889-8aa5-1fb175c2be24	Severi	9c0fff82-1597-4447-84d2-28051ef96223
350594d5-5cd4-4033-9294-6b50102afe7d	Hilda	9c0fff82-1597-4447-84d2-28051ef96223
7ad2e103-b7a1-4b0c-bbd2-5c1cba3d4a9b	Aleksi	9c0fff82-1597-4447-84d2-28051ef96223
9bdfa82d-13bd-40be-9a9b-a57c2a072351	Reetu	9c0fff82-1597-4447-84d2-28051ef96223
d07f9606-ddee-4f35-8d35-b8358dc9fc75	Paula	9c0fff82-1597-4447-84d2-28051ef96223
c0011bcd-6952-4d60-a01b-3b455c7eea4c	Inari	9c0fff82-1597-4447-84d2-28051ef96223
a6b19b1f-e185-41df-b32a-145f3d8ba2ae	Vihtori	9c0fff82-1597-4447-84d2-28051ef96223
5fd1effd-1670-4a40-bfaf-75a2a048fc91	Romeo	9c0fff82-1597-4447-84d2-28051ef96223
720863b3-15b5-4928-b516-5a8ec0cee764	Veikka	9c0fff82-1597-4447-84d2-28051ef96223
af758be6-0adc-4e32-8543-f65f6c48fd2b	Timur	9c0fff82-1597-4447-84d2-28051ef96223
eb6258aa-1619-49ae-be18-11cd0b0d7e1b	Viljo	9c0fff82-1597-4447-84d2-28051ef96223
803c9cfd-c665-452f-9cf4-1315a875fa0e	Hilma	1811d42e-eb46-4b97-a067-8d91a4c60bd1
bcdcfdce-bc43-43af-88b2-ce2f79d40da0	Miina	1811d42e-eb46-4b97-a067-8d91a4c60bd1
545958d4-a061-46c0-a58b-e814f2864886	Elina	1811d42e-eb46-4b97-a067-8d91a4c60bd1
e5570e54-941f-4e8b-b7de-f2dd3d7662e2	Kasperi	1811d42e-eb46-4b97-a067-8d91a4c60bd1
7c3affe4-d2a3-4620-907f-abc411bd5534	Oona	1811d42e-eb46-4b97-a067-8d91a4c60bd1
f37fb196-de25-4ea8-a1ff-280491ef3865	Eljas	1811d42e-eb46-4b97-a067-8d91a4c60bd1
7f64f516-bdbd-490a-9d83-6625c9834929	Kerttu	1811d42e-eb46-4b97-a067-8d91a4c60bd1
3a817706-c52d-4a77-8f87-68ef4514aef9	Miro	1811d42e-eb46-4b97-a067-8d91a4c60bd1
d9dd649b-f9bf-4670-84ea-a102fc16cfcc	Pinja	1811d42e-eb46-4b97-a067-8d91a4c60bd1
8597552c-2527-4294-8a08-56d47b563b33	Peppi	1811d42e-eb46-4b97-a067-8d91a4c60bd1
34f18910-a0db-4e48-8129-8416b575d22b	Ilari	1811d42e-eb46-4b97-a067-8d91a4c60bd1
6bc63090-ea58-4189-b5d1-cba135d9da2b	Tilda	1811d42e-eb46-4b97-a067-8d91a4c60bd1
671ee4af-e36d-437d-b3ec-bee0179c96c4	Kerttu M	1811d42e-eb46-4b97-a067-8d91a4c60bd1
98160f96-0d06-40e7-9e12-1c1ad90442fd	Siiri	1811d42e-eb46-4b97-a067-8d91a4c60bd1
7b45664d-caff-4e11-a717-7c3e2e1ed7f7	Emmi	1811d42e-eb46-4b97-a067-8d91a4c60bd1
dc2469d2-1c1d-499c-bb3c-ff061b70307d	Sanni	1811d42e-eb46-4b97-a067-8d91a4c60bd1
d21c58bf-a09d-4a2e-ab5f-131a3233f6ba	Milla	1811d42e-eb46-4b97-a067-8d91a4c60bd1
f2cd6a55-4291-4848-a66e-36d096f181c4	Moona	1811d42e-eb46-4b97-a067-8d91a4c60bd1
d6b3db8b-50e7-4a6c-8ed2-2247a659a3a9	Adessa	1811d42e-eb46-4b97-a067-8d91a4c60bd1
a17ec781-f403-45b7-b1a2-2ad88dc2038e	Aino	1811d42e-eb46-4b97-a067-8d91a4c60bd1
9ffd35f9-d869-4406-aa8c-cf60cbc47830	Annu	1811d42e-eb46-4b97-a067-8d91a4c60bd1
f71a7e38-187d-4dfb-823d-f959158a971f	Sofia	1811d42e-eb46-4b97-a067-8d91a4c60bd1
165e6b48-6ffc-498b-a9c4-aac0d7a14fe2	Laura	1811d42e-eb46-4b97-a067-8d91a4c60bd1
fb78d640-ca97-407e-9d2b-6390b8a2c77d	Mark	110c9dff-5530-4184-baf5-bb6bb05bb40f
8fa5f694-d7a7-49c2-98a2-e1aecdc80d3e	Isla	110c9dff-5530-4184-baf5-bb6bb05bb40f
2ca2b55e-b4b7-4d05-b440-3fbccdfc3c20	Jonni	110c9dff-5530-4184-baf5-bb6bb05bb40f
91a00bae-00db-464f-8376-591e16a5a811	Jonne	110c9dff-5530-4184-baf5-bb6bb05bb40f
00179acc-3d3c-496f-98db-fb88756116f4	Julia-karoliina	110c9dff-5530-4184-baf5-bb6bb05bb40f
45cedf94-714b-404a-8ad5-db42f55919eb	Nuppu	110c9dff-5530-4184-baf5-bb6bb05bb40f
e47d29de-6a02-4e63-a52a-964fc17b744e	Tuukka	110c9dff-5530-4184-baf5-bb6bb05bb40f
1b1a60a0-0dd3-4c97-a5b7-44d0f618a7f0	Raisa	110c9dff-5530-4184-baf5-bb6bb05bb40f
69fec935-4bcd-43ab-9737-a524627dbe1e	Oona	110c9dff-5530-4184-baf5-bb6bb05bb40f
f9c6b20c-e57c-4e70-9f32-dedd975aab01	Ilari	110c9dff-5530-4184-baf5-bb6bb05bb40f
abd4148b-b530-4440-b643-34d08a4bb811	Riina	110c9dff-5530-4184-baf5-bb6bb05bb40f
71eae4f2-10b4-477e-a21f-0ef25ba08d1b	Santeri	110c9dff-5530-4184-baf5-bb6bb05bb40f
1556394a-6336-4838-8943-19088ecdf5e0	Jussi	110c9dff-5530-4184-baf5-bb6bb05bb40f
0e963947-3dcf-4f30-b316-ac9d07d81b0b	Henri	110c9dff-5530-4184-baf5-bb6bb05bb40f
b1ef84a7-2238-4946-bd2d-97aae138bbad	Joona	110c9dff-5530-4184-baf5-bb6bb05bb40f
de28725b-ccaf-45e6-b808-aeeba3fa151e	Vilma	110c9dff-5530-4184-baf5-bb6bb05bb40f
f4eb73ad-9a1f-4b7b-8899-b2a07ff4db2d	Tiia	110c9dff-5530-4184-baf5-bb6bb05bb40f
4a3f375e-f8ce-46f9-8b9a-4587d069d036	Helmi	110c9dff-5530-4184-baf5-bb6bb05bb40f
1461587b-fedd-4cb1-a122-58dd9ddc3fd9	Joonatan	110c9dff-5530-4184-baf5-bb6bb05bb40f
1f770536-fee1-4ca2-9622-ed816628c9b7	Iiro	110c9dff-5530-4184-baf5-bb6bb05bb40f
63f57cea-4036-4e38-9d84-3c36f99124ef	Jasmin	110c9dff-5530-4184-baf5-bb6bb05bb40f
3723e655-2484-4055-8570-13ee693d5a1a	Teresa	110c9dff-5530-4184-baf5-bb6bb05bb40f
3e62f535-90a9-4a75-9748-27ea0d491a54	Kenneth	110c9dff-5530-4184-baf5-bb6bb05bb40f
ad671202-0d1b-4b31-a2fc-9fa9032f3b33	Selma	110c9dff-5530-4184-baf5-bb6bb05bb40f
f7ede4ab-b52d-4f8e-9bb3-56addd842fab	Matti	110c9dff-5530-4184-baf5-bb6bb05bb40f
74ff2516-b259-4f3d-b68b-dbc5c29d6daa	Daniel	8eda8460-b4f6-4ed0-b43a-253608ef0298
d6bae43b-c9c1-42c3-bd74-736d3be6e4f2	Elli	8eda8460-b4f6-4ed0-b43a-253608ef0298
8a993418-3f13-49b4-bb21-93368d8f7a50	Enni	8eda8460-b4f6-4ed0-b43a-253608ef0298
aff989da-421b-4128-968e-5f54d59ca7a0	Pinja	8eda8460-b4f6-4ed0-b43a-253608ef0298
f179052b-20ed-4b30-92df-04ae478b0f06	Aku	8eda8460-b4f6-4ed0-b43a-253608ef0298
60c35aef-6137-44dc-b5d6-b796f1443148	Heidi	8eda8460-b4f6-4ed0-b43a-253608ef0298
0d410afb-beb1-4ac1-883c-f4d19f5f858f	Eemeli	8eda8460-b4f6-4ed0-b43a-253608ef0298
4bb3b891-7462-4e8d-ae54-e2df607d1478	Liana	8eda8460-b4f6-4ed0-b43a-253608ef0298
b4766346-0c81-4d98-a489-654ca9b3c6db	Vili	8eda8460-b4f6-4ed0-b43a-253608ef0298
88c69065-37d1-45f2-a48a-a7b12a0694cf	Eetu-Viljo	8eda8460-b4f6-4ed0-b43a-253608ef0298
1efd1671-ff54-4332-9da1-474aa3f3ec04	Konsta	8eda8460-b4f6-4ed0-b43a-253608ef0298
8faa9bc9-fbb9-4c0c-ac24-99c987bd412f	Mona	8eda8460-b4f6-4ed0-b43a-253608ef0298
24c494db-a428-4430-ae3a-c321d5e765f7	Peetu	8eda8460-b4f6-4ed0-b43a-253608ef0298
7e57c1d9-b037-4ae6-a0c9-2b409b90f748	Helmi	8eda8460-b4f6-4ed0-b43a-253608ef0298
39826f74-cf4a-41b7-a295-5cb63ec3a196	Jermu	8eda8460-b4f6-4ed0-b43a-253608ef0298
95ef1789-275a-42de-bfc3-c9c006432782	Reetta	8eda8460-b4f6-4ed0-b43a-253608ef0298
86ad5e56-2605-4fd5-a0a2-3004e6136a7c	Henry	8eda8460-b4f6-4ed0-b43a-253608ef0298
a71c4a77-39cd-4672-a59a-0394bec62fcf	Aapeli	8eda8460-b4f6-4ed0-b43a-253608ef0298
92d51cc4-7e8c-4bcf-84b8-b3f4cad005cc	Eeva	8eda8460-b4f6-4ed0-b43a-253608ef0298
3d55963e-6744-4828-b25d-c02aaa7ccc4c	Kaspian	8eda8460-b4f6-4ed0-b43a-253608ef0298
954c2876-5f2b-4618-a2c0-8f86ff5b3da5	Juuli	8eda8460-b4f6-4ed0-b43a-253608ef0298
98d2b651-d44d-4a40-ab28-da3fa61df960	Linnea	8eda8460-b4f6-4ed0-b43a-253608ef0298
344890ff-a10d-4801-992d-36bcbcc43663	Aada	8eda8460-b4f6-4ed0-b43a-253608ef0298
3c489011-57bc-41fa-a0b1-2166fd23bac5	Ilona	8eda8460-b4f6-4ed0-b43a-253608ef0298
6c629051-3712-43f1-8f21-c357442fc591	Stella	8eda8460-b4f6-4ed0-b43a-253608ef0298
dc61c65a-cfe6-4743-a80b-98c54491a42c	Maija	8eda8460-b4f6-4ed0-b43a-253608ef0298
1b5d1532-f11c-4b7a-bb15-8754ae38223f	Eedla	8eda8460-b4f6-4ed0-b43a-253608ef0298
1ba24224-da11-4745-be85-ed1ce7bb2669	Martti	8eda8460-b4f6-4ed0-b43a-253608ef0298
36c47c4b-1f5b-43d8-843a-6f74ab4e86b9	Väinö	8eda8460-b4f6-4ed0-b43a-253608ef0298
45adabcd-6682-4ff7-abee-9f8061af9a3b	Kristian	8eda8460-b4f6-4ed0-b43a-253608ef0298
12acc9ab-19a4-404d-b072-4760f41732dd	Ella	8eda8460-b4f6-4ed0-b43a-253608ef0298
d6ca472f-8da2-49b6-9845-7c754ff8cca6	Ville	898ff823-e78c-4e67-b485-f81f2b3def1d
7a92b5f9-e97e-47e9-9d5a-e9a959517cfa	Kalle	898ff823-e78c-4e67-b485-f81f2b3def1d
4e9ce405-fa2a-49dd-85a6-a2acdf94224f	Auri	898ff823-e78c-4e67-b485-f81f2b3def1d
3d0b41cc-aea6-4e62-9b72-f8b21fb6f492	Mauri	898ff823-e78c-4e67-b485-f81f2b3def1d
2eceab39-5d0a-4201-a275-17a1bed011a6	Kettu Reponen	909b50c8-56c4-4618-bb55-e1a1feb7f1a9
4454d03a-54da-4c2c-b931-b4b96ac0d81a	Jari	2556b6a9-4cab-4b65-99fe-94f5cf5d9123
7131bcea-6594-4433-be62-2dca8ffad861	Kimmo	2556b6a9-4cab-4b65-99fe-94f5cf5d9123
7c159017-8908-4a89-bc0b-dadcb58a2d03	Liisa	2556b6a9-4cab-4b65-99fe-94f5cf5d9123
4c658b14-0fce-4ca3-ac9a-42558969e0e2	Kaisa	2556b6a9-4cab-4b65-99fe-94f5cf5d9123
2aa93e0a-d4d5-4e78-b45f-881c22c34243	Jari	11f9a50c-6d6d-405e-882d-dd0d828980c5
4814d2b4-b6c1-496b-b95d-4be1e4030936	Liisa	11f9a50c-6d6d-405e-882d-dd0d828980c5
e2ef08a8-ad14-4f88-b60c-29b24d63bb5f	Kaisa	11f9a50c-6d6d-405e-882d-dd0d828980c5
fba15ad0-c99f-4a23-a814-e3e30612dfd0	Kimmo	11f9a50c-6d6d-405e-882d-dd0d828980c5
aa420673-c8ba-41da-9ee4-061022bb4a51	Valtteri	110c9dff-5530-4184-baf5-bb6bb05bb40f
\.


--
-- TOC entry 2983 (class 0 OID 25327)
-- Dependencies: 201
-- Data for Name: Teacher; Type: TABLE DATA; Schema: public; Owner: -
--

COPY public."Teacher" (id, email, "passwordHash") FROM stdin;
5b637712-3af1-46a2-aeb0-a4a016b134bc	teppo@email.com	$2b$12$DYwh85NnshcxsIdSzopZZu3k4nIfiLWIW6VGYn6jrPkUWeJhcONWW
a44319a9-1556-4e03-b825-48b8648a4699	testi@email.com	$2b$12$UhTSCiXyQJC8K0tlQPu1zuUu3/WnS0HA4OainPlIvQ1sP.3VDmhNy
483e736f-00a6-46d1-a1c3-3099eb626012	eke@email.com	$2b$12$.c1f5H3Q0JVFOmpK5KMBC.3zcjmUKzfI3Rnb6Z9Utxuf.mXYD4pdi
45a2b311-8e95-418f-8819-11f2cfe6ec2e	uusi@email.com	$2b$12$.O8CXzpJBAecbGPhzn8n/.RYUR8BKY4MVzOkyxP2c3gv.ZIla01pO
8548a9c5-dfdb-48e6-936d-f221845157b4	test@email.com	$2b$12$0jxCEtLNdauoHMyUo3Bc8.xI7nr1VAygoe05n5YIloEfH4PYdt3Cq
7f74e390-db85-42c0-901f-c0ece081f7a2	testaus@email.com	$2a$12$WCr2xQBXm4sBV54fiysKcOcNtzw7dUfAuKt6gdCJlbbmxkNn.E94W
4f38a727-897b-40d0-a974-cf8a7d2efda1	eetu.kalapudas@gmail.com	$2a$12$qslAErZA30FPSWMVpPg/beza9uUJW7a1xi.LolV7o.xYag2S2nUHm
c71a57e7-5fb0-452d-88b0-f96072f8be2d	leevelihuuskonen@gmail.com	$2a$12$44OJR0FPCSz4vqZ6u5uB4umkMPtg5h73UPmTWn/RNqSZ6tc9ODY52
9fc108eb-271f-4e67-89d9-f78f72568ae2	testaaja@email.com	$2a$12$S/QWFBXDwLbn1vFn8HGWcO.GCvNtcZzDhZYRkdS5TiL1a7lNLGSO6
1112c6f9-bfbf-4207-83cd-910ffe0582f2	ekku@email.com	$2a$12$AfsHBoD8EcW6y6QzQ.WhAe2NgWODcbIHke1f5heGvoHsyRiB1ZHx6
d5907523-b2ab-4064-960b-e043ed17f9b8	test-user@email.com	$2a$12$xqpknl4KEEQas.LYO9FDaexaKzQ1BbeMgldA0QvuzBah.QUqxN0FS
96549af2-ad08-4066-b742-cb1048b3876d	nortsi@email.com	$2a$12$jYnnKVOi/uNHpE3qIQYNHuf6Jv9aey1yKN3gzV91Q3nXIP8l1WpOu
185a9cc2-8497-493f-94da-65abda04a320	artte@email.com	$2a$12$Wx8QwJg84eT9d47WxfD16.YTMePUAFEN0SsmbsrGHijJztJcE1gpi
45f62aaf-431d-478a-96b2-629928472f0f	Artte.jalkanen@gmail.com	$2a$12$eTUUenUFFG/9YumLjPyreOw8FU70jml5ajR65VubnKWkdQTrq1sui
\.


--
-- TOC entry 2982 (class 0 OID 25317)
-- Dependencies: 200
-- Data for Name: _prisma_migrations; Type: TABLE DATA; Schema: public; Owner: -
--

COPY public._prisma_migrations (id, checksum, finished_at, migration_name, logs, rolled_back_at, started_at, applied_steps_count) FROM stdin;
e80f5b1d-a1d9-4d27-9a40-c9b76e99b41a	b379deefa4a67298b58446847420bf02ba0226020e98e6b4a9c00b375607695e	2023-02-25 14:13:50.965737+00	20230223160957_init	\N	\N	2023-02-25 14:13:50.742657+00	1
221d6c92-8140-4327-9ace-9f5a7733c09d	fa370045669a4054a9e149925c28622620a919bd08890c3ba8ea1f0c4a04013f	2023-02-25 14:13:51.447031+00	20230223161150_description_and_notes_optional	\N	\N	2023-02-25 14:13:51.103403+00	1
32c9e4dd-d8e3-4092-8bc3-31557b028a03	df9edb7f62c2956fe0145a4c64b97406dc37963ddc83a621bb9c17a58fcd5589	2023-02-25 14:13:51.753459+00	20230224201012_make_ratings_voluntary	\N	\N	2023-02-25 14:13:51.518425+00	1
88fcbc5b-e7c8-44a3-b631-ffb5adce8fd3	5824d8b8ef722b39ebe6f424437133c7b19ffdcdb7fc7685622fe65baf087c1c	2023-02-25 14:13:52.021915+00	20230225084447_add_password_hash	\N	\N	2023-02-25 14:13:51.821963+00	1
edb0f756-79ee-458c-893f-a785cea26a70	1c1cc8d4615292758155c01c061621566a575e6419f46d7e6889c93a6c98eeb6	2023-03-04 11:33:27.509566+00	20230304073408_add_cascade_deletes	\N	\N	2023-03-04 11:33:27.010393+00	1
8d98cc49-ea1b-475d-8535-e8ee3a7dc418	0b75b4a387d5460641f545e5842fa4bc854b45eaf0351575ad2b8e9ae669718e	2023-03-04 11:33:28.17641+00	20230304085742_add_was_present_field	\N	\N	2023-03-04 11:33:27.699795+00	1
57d0fd29-1375-434c-a4d9-3209ea4ef323	a78677f335a0106da3ffaa51c476a53bdb0815d25f5597b848b145e5a151caa9	2023-03-05 10:16:12.953643+00	20230305084352_rating_enum	\N	\N	2023-03-05 10:16:12.695131+00	1
c61e3acd-3f4a-48b5-9eb1-9a2b6bca853b	8bbbb46544a7fc9e118d5a89e7904b9bbf0ab68754419f304124f37b2b264025	2023-03-05 19:17:44.520704+00	20230305175639_add_great_rating	\N	\N	2023-03-05 19:17:44.277976+00	1
0bfeabcf-e113-4dd4-9ee0-3a40e113e4aa	bcfcf4daff679c29e232ad994388150180ef0bc13cb5a92057e13358a0a84ab2	2023-03-07 21:19:36.995822+00	20230307152132_rename_class_to_group	\N	\N	2023-03-07 21:19:36.459982+00	1
8d3a81c2-130e-4984-b7cb-639e631236e0	e4c5a98596ef886aaa9f8240ee974ca9668d312151eddfd24cc5efa1b572f3b4	2023-03-12 15:43:10.552896+00	20230312151119_cascade_student_delete_to_evaluationt	\N	\N	2023-03-12 15:43:10.027519+00	1
\.


--
-- TOC entry 2842 (class 2606 OID 25351)
-- Name: EvaluationCollection EvaluationCollection_pkey; Type: CONSTRAINT; Schema: public; Owner: -
--

ALTER TABLE ONLY public."EvaluationCollection"
    ADD CONSTRAINT "EvaluationCollection_pkey" PRIMARY KEY (id);


--
-- TOC entry 2844 (class 2606 OID 25359)
-- Name: Evaluation Evaluation_pkey; Type: CONSTRAINT; Schema: public; Owner: -
--

ALTER TABLE ONLY public."Evaluation"
    ADD CONSTRAINT "Evaluation_pkey" PRIMARY KEY (id);


--
-- TOC entry 2840 (class 2606 OID 25342)
-- Name: Group Group_pkey; Type: CONSTRAINT; Schema: public; Owner: -
--

ALTER TABLE ONLY public."Group"
    ADD CONSTRAINT "Group_pkey" PRIMARY KEY (id);


--
-- TOC entry 2846 (class 2606 OID 25367)
-- Name: Student Student_pkey; Type: CONSTRAINT; Schema: public; Owner: -
--

ALTER TABLE ONLY public."Student"
    ADD CONSTRAINT "Student_pkey" PRIMARY KEY (id);


--
-- TOC entry 2838 (class 2606 OID 25334)
-- Name: Teacher Teacher_pkey; Type: CONSTRAINT; Schema: public; Owner: -
--

ALTER TABLE ONLY public."Teacher"
    ADD CONSTRAINT "Teacher_pkey" PRIMARY KEY (id);


--
-- TOC entry 2835 (class 2606 OID 25326)
-- Name: _prisma_migrations _prisma_migrations_pkey; Type: CONSTRAINT; Schema: public; Owner: -
--

ALTER TABLE ONLY public._prisma_migrations
    ADD CONSTRAINT _prisma_migrations_pkey PRIMARY KEY (id);


--
-- TOC entry 2836 (class 1259 OID 25368)
-- Name: Teacher_email_key; Type: INDEX; Schema: public; Owner: -
--

CREATE UNIQUE INDEX "Teacher_email_key" ON public."Teacher" USING btree (email);


--
-- TOC entry 2848 (class 2606 OID 25434)
-- Name: EvaluationCollection EvaluationCollection_groupId_fkey; Type: FK CONSTRAINT; Schema: public; Owner: -
--

ALTER TABLE ONLY public."EvaluationCollection"
    ADD CONSTRAINT "EvaluationCollection_groupId_fkey" FOREIGN KEY ("groupId") REFERENCES public."Group"(id) ON UPDATE CASCADE ON DELETE CASCADE;


--
-- TOC entry 2849 (class 2606 OID 25404)
-- Name: Evaluation Evaluation_evaluationCollectionId_fkey; Type: FK CONSTRAINT; Schema: public; Owner: -
--

ALTER TABLE ONLY public."Evaluation"
    ADD CONSTRAINT "Evaluation_evaluationCollectionId_fkey" FOREIGN KEY ("evaluationCollectionId") REFERENCES public."EvaluationCollection"(id) ON UPDATE CASCADE ON DELETE CASCADE;


--
-- TOC entry 2850 (class 2606 OID 25451)
-- Name: Evaluation Evaluation_studentId_fkey; Type: FK CONSTRAINT; Schema: public; Owner: -
--

ALTER TABLE ONLY public."Evaluation"
    ADD CONSTRAINT "Evaluation_studentId_fkey" FOREIGN KEY ("studentId") REFERENCES public."Student"(id) ON UPDATE CASCADE ON DELETE CASCADE;


--
-- TOC entry 2847 (class 2606 OID 25394)
-- Name: Group Group_teacherId_fkey; Type: FK CONSTRAINT; Schema: public; Owner: -
--

ALTER TABLE ONLY public."Group"
    ADD CONSTRAINT "Group_teacherId_fkey" FOREIGN KEY ("teacherId") REFERENCES public."Teacher"(id) ON UPDATE CASCADE ON DELETE CASCADE;


--
-- TOC entry 2851 (class 2606 OID 25439)
-- Name: Student Student_groupId_fkey; Type: FK CONSTRAINT; Schema: public; Owner: -
--

ALTER TABLE ONLY public."Student"
    ADD CONSTRAINT "Student_groupId_fkey" FOREIGN KEY ("groupId") REFERENCES public."Group"(id) ON UPDATE CASCADE ON DELETE CASCADE;


-- Completed on 2023-03-30 13:16:39 UTC

--
-- PostgreSQL database dump complete
--

